user_id,id_session,url_course,course_name,lesson_name,timestamp
52168686.1631925036,1631925035,/en/info/meet-the-staff/1/?lo=,info,meet-the-staff,2021-09-18T00:31:44.359682Z
52168686.1631925036,1631925035,/en/grammar/adjectives-and-adverbs/1/?lo=,grammar,adjectives-and-adverbs,2021-09-18T00:31:21.317690Z
52168686.1631925036,1631925035,/en/grammar/sentences/1/?lo=,grammar,sentences,2021-09-18T00:30:56.909457Z
52168763.1632717329,1632717330,/en/googlespreadsheets/formatting-cells/1/?lo=,googlespreadsheets,formatting-cells,2021-09-27T04:35:30.337044Z
52169343.1636417530,1636417535,/en/googleslides/getting-started-with-your-presentation/1/?lo=,googleslides,getting-started-with-your-presentation,2021-11-09T00:25:35.032961Z
52169581.1633679903,1633679905,/en/tr_id-computer-basics/memulai-komputer-anda-pertama-kali/1/?lo=,tr_id-computer-basics,memulai-komputer-anda-pertama-kali,2021-10-08T07:58:25.061528Z
52169800.1629264089,1629264090,/en/excel2016/functions/1/?lo=,excel2016,functions,2021-08-18T05:21:30.771202Z
52169859.1629854143,1629854145,/en/tr_id-computer-basics/memahami-macammacam-aplikasi/1/?lo=,tr_id-computer-basics,memahami-macammacam-aplikasi,2021-08-25T01:15:45.056367Z
52169870.1631629135,1631629134,/en/typing/typing/1/?lo=,typing,typing,2021-09-14T14:18:54.444477Z
52169920.1634117090,1634117089,/en/facebook101/locked-out-of-your-facebook-account/1/?lo=,facebook101,locked-out-of-your-facebook-account,2021-10-13T09:26:51.027145Z
52169920.1634117090,1634117089,/en/facebook101/facebook-news/1/?lo=,facebook101,facebook-news,2021-10-13T09:26:48.699164Z
52169920.1634117090,1634117089,/en/facebook101/locked-out-of-your-facebook-account/1/?lo=,facebook101,locked-out-of-your-facebook-account,2021-10-13T09:26:22.075213Z
52169920.1634117090,1634117089,/en/facebook101/facebook-quiz/1/?lo=,facebook101,facebook-quiz,2021-10-13T09:25:55.610229Z
52169920.1634117090,1634117089,/en/facebook101/facebook-news/1/?lo=,facebook101,facebook-news,2021-10-13T09:25:25.494210Z
52169920.1634117090,1634117089,/en/facebook101/locked-out-of-your-facebook-account/1/?lo=,facebook101,locked-out-of-your-facebook-account,2021-10-13T09:24:49.588764Z
52170086.1638975033,1638975033,/en/powerpoint-tips/simple-rules-for-better-powerpoint-presentations/1/?lo=,powerpoint-tips,simple-rules-for-better-powerpoint-presentations,2021-12-08T14:50:33.499569Z
52170142.1626670818,1626670819,/en/photoshopbasics/getting-to-know-the-photoshop-interface/1/?lo=,photoshopbasics,getting-to-know-the-photoshop-interface,2021-07-19T05:00:19.101524Z
52170372.1636532064,1636532025,/en/googledocuments/text-basics/1/?lo=,googledocuments,text-basics,2021-11-10T08:13:45.925218Z
52170492.1627202710,1627202710,/en/computerbasics/inside-a-computer/1/?lo=,computerbasics,inside-a-computer,2021-07-25T08:45:10.493067Z
52170576.1627022081,1627022080,/en/algebra-topics/exponents/1/?lo=,algebra-topics,exponents,2021-07-23T06:34:40.791798Z
52171553.1635866184,1635866184,/en/beginning-graphic-design/fundamentals-of-design/1/?lo=,beginning-graphic-design,fundamentals-of-design,2021-11-02T15:16:24.797547Z
52171618.1630845622,1630845625,/en/grammar/quotation-marks/1/?lo=,grammar,quotation-marks,2021-09-05T12:40:25.682637Z
52172184.1639132485,1639132484,/en/word2010/formatting-pictures/1/?lo=,word2010,formatting-pictures,2021-12-10T10:34:44.555304Z
52172246.1629782574,1629782574,/en/tr_id-word-2016/pelacakan-perubahan-dan-komentar/1/?lo=,tr_id-word-2016,pelacakan-perubahan-dan-komentar,2021-08-24T05:22:54.790362Z
52172342.1639684098,1639684098,/en/googleslides/adding-pictures-and-shapes/1/?lo=,googleslides,adding-pictures-and-shapes,2021-12-16T19:48:18.522242Z
52172622.1638356768,1638356767,/en/computerbasics/inside-a-computer/1/?lo=,computerbasics,inside-a-computer,2021-12-01T11:08:04.192631Z
52172622.1638356768,1638356767,/en/computerbasics/laptop-computers/1/?lo=,computerbasics,laptop-computers,2021-12-01T11:08:03.992884Z
52172622.1638356768,1638356767,/en/computerbasics/mobile-devices/1/?lo=,computerbasics,mobile-devices,2021-12-01T11:07:23.778738Z
52172622.1638356768,1638356767,/en/computerbasics/laptop-computers/1/?lo=,computerbasics,laptop-computers,2021-12-01T11:07:06.829066Z
52172622.1638356768,1638356767,/en/computerbasics/inside-a-computer/1/?lo=,computerbasics,inside-a-computer,2021-12-01T11:06:07.948999Z
52172714.1641831202,1641831202,/en/googlespreadsheets/working-with-multiple-sheets/1/?lo=,googlespreadsheets,working-with-multiple-sheets,2022-01-10T16:13:22.043483Z
52172866.1625474807,1625474814,/en/excel2016/functions/1/?lo=,excel2016,functions,2021-07-05T09:15:26.863174Z
52172866.1625474807,1625474814,/en/excel2016/cell-basics/1/?lo=,excel2016,cell-basics,2021-07-05T08:46:54.018402Z
52173246.1629902540,1629902541,/en/word2016/shapes/1/?lo=,word2016,shapes,2021-08-25T14:42:21.139021Z
52173488.1628827951,1628827951,/en/powerpoint2010/text-basics/1/?lo=,powerpoint2010,text-basics,2021-08-13T04:12:31.418573Z
52173782.1637002884,1637002883,/en/computerbasics/understanding-applications/1/?lo=,computerbasics,understanding-applications,2021-11-15T19:24:47.266239Z
52173782.1637002884,1637002883,/en/computerbasics/understanding-operating-systems/1/?lo=,computerbasics,understanding-operating-systems,2021-11-15T19:24:44.817090Z
52173782.1637002884,1637002883,/en/computerbasics/understanding-applications/1/?lo=,computerbasics,understanding-applications,2021-11-15T19:22:52.657354Z
52173782.1637002884,1637002883,/en/computerbasics/understanding-operating-systems/1/?lo=,computerbasics,understanding-operating-systems,2021-11-15T19:22:47.684292Z
52173782.1637002884,1637002883,/en/computerbasics/understanding-applications/1/?lo=,computerbasics,understanding-applications,2021-11-15T19:22:27.284967Z
52173782.1637002884,1637002883,/en/computerbasics/getting-to-know-the-os/1/?lo=,computerbasics,getting-to-know-the-os,2021-11-15T19:20:27.088737Z
52173782.1637002884,1637002883,/en/computerbasics/understanding-operating-systems/1/?lo=,computerbasics,understanding-operating-systems,2021-11-15T19:14:51.000560Z
52173782.1637002884,1637002883,/en/computerbasics/understanding-applications/1/?lo=,computerbasics,understanding-applications,2021-11-15T19:07:54.282108Z
52173782.1637002884,1637002883,/en/computerbasics/understanding-operating-systems/1/?lo=,computerbasics,understanding-operating-systems,2021-11-15T19:07:52.950853Z
52173782.1637002884,1637002883,/en/computerbasics/understanding-applications/1/?lo=,computerbasics,understanding-applications,2021-11-15T19:07:47.311922Z
52173782.1637002884,1637002883,/en/computerbasics/understanding-operating-systems/1/?lo=,computerbasics,understanding-operating-systems,2021-11-15T19:05:32.260779Z
52173782.1637002884,1637002883,/en/computerbasics/understanding-applications/1/?lo=,computerbasics,understanding-applications,2021-11-15T19:05:24.049714Z
52173782.1637002884,1637002883,/en/computerbasics/understanding-operating-systems/1/?lo=,computerbasics,understanding-operating-systems,2021-11-15T19:01:23.867400Z
52173920.1630065209,1630065210,/en/gmail/setting-up-a-gmail-account/1/?lo=,gmail,setting-up-a-gmail-account,2021-08-27T11:53:30.088097Z
52173928.1639164195,1639164195,/en/googledocuments/text-styles/1/?lo=,googledocuments,text-styles,2021-12-10T19:23:15.282127Z
52174371.1642791213,1642791213,/en/computerbasics/basic-troubleshooting-techniques/1/?lo=,computerbasics,basic-troubleshooting-techniques,2022-01-21T18:53:33.841787Z
52174383.1636051877,1636051876,/en/windowsbasics/opening-files-with-different-applications/1/?lo=,windowsbasics,opening-files-with-different-applications,2021-11-04T18:51:16.114724Z
521744.1631271734,1631271734,/en/tr_ru-internet-safety/-virus/1/?lo=,tr_ru-internet-safety,-virus,2021-09-10T11:02:14.079173Z
52174607.1629672073,1629627037,/en/powerpoint2010/getting-started-with-powerpoint/1/?lo=,powerpoint2010,getting-started-with-powerpoint,2021-08-22T10:10:37.638061Z
52174751.1642100122,1642100122,/en/excel2007/sorting-grouping-and-filtering-cells/1/?lo=,excel2007,sorting-grouping-and-filtering-cells,2022-01-13T18:55:22.038787Z
52175104.1628231914,1628231913,/en/windowsbasics/keyboard-shortcuts-in-windows/1/?lo=,windowsbasics,keyboard-shortcuts-in-windows,2021-08-06T06:38:33.682870Z
52175192.1631740704,1631740704,/en/ipadbasics/security-and-general-settings/1/?lo=,ipadbasics,security-and-general-settings,2021-09-15T21:18:24.191003Z
52175355.1641967337,1641967337,/en/googleaccount/creating-a-google-account/1/?lo=,googleaccount,creating-a-google-account,2022-01-12T06:02:17.011580Z
5217619.1626875009,1626875009,/en/microsoftaccount/privacy-and-security-settings/1/?lo=,microsoftaccount,privacy-and-security-settings,2021-07-21T13:43:29.036044Z
52176217.1637833170,1637833171,/en/basic-computer-skills/what-is-a-pdf-file/1/?lo=,basic-computer-skills,what-is-a-pdf-file,2021-11-25T09:39:31.587103Z
52176354.1642043562,1642043562,/en/computerbasics/basic-troubleshooting-techniques/1/?lo=,computerbasics,basic-troubleshooting-techniques,2022-01-13T03:20:52.303396Z
52176354.1642043562,1642043562,/en/computerbasics/understanding-the-cloud/1/?lo=,computerbasics,understanding-the-cloud,2022-01-13T03:20:34.650377Z
52176354.1642043562,1642043562,/en/internetbasics/what-is-the-internet/1/?lo=,internetbasics,what-is-the-internet,2022-01-13T03:20:31.859409Z
52176354.1642043562,1642043562,/en/computerbasics/setting-up-a-computer/1/?lo=,computerbasics,setting-up-a-computer,2022-01-13T03:20:12.234512Z
52176354.1642043562,1642043562,/en/windowsbasics/working-with-files/1/?lo=,windowsbasics,working-with-files,2022-01-13T03:19:55.677933Z
52176354.1642043562,1642043562,/en/computerbasics/buttons-and-ports-on-a-computer/1/?lo=,computerbasics,buttons-and-ports-on-a-computer,2022-01-13T03:19:52.733112Z
52176354.1642043562,1642043562,/en/windows10/getting-started-with-windows-10/1/?lo=,windows10,getting-started-with-windows-10,2022-01-13T03:19:49.129609Z
52176354.1642043562,1642043562,/en/windowsbasics/troubleshooting-basic-problems/1/?lo=,windowsbasics,troubleshooting-basic-problems,2022-01-13T03:14:54.574801Z
52176354.1642043562,1642043562,/en/windowsbasics/troubleshooting-basic-problems/1/?lo=,windowsbasics,troubleshooting-basic-problems,2022-01-13T03:12:42.253716Z
52176576.1633946779,1633946778,/en/excel2010/filtering-data/1/?lo=,excel2010,filtering-data,2021-10-11T10:06:18.981559Z
52176630.1632477364,1632477363,/en/resumewriting/gallery-of-sample-resumes/1/?lo=,resumewriting,gallery-of-sample-resumes,2021-09-24T09:56:03.945292Z
52176651.1635316538,1635316536,/en/windowsbasics/understanding-user-accounts/1/?lo=,windowsbasics,understanding-user-accounts,2021-10-27T06:35:36.740245Z
52176777.1637933781,1637933781,/en/computerbasics/what-is-a-computer/1/?lo=,computerbasics,what-is-a-computer,2021-11-26T13:36:21.013451Z
52177061.1635770651,1635770651,/en/excel2010/sorting-data/1/?lo=,excel2010,sorting-data,2021-11-01T12:44:11.553046Z
5217719.1638335893,1638335893,/en/googledocuments/adding-citations/1/?lo=,googledocuments,adding-citations,2021-12-01T05:18:13.879901Z
52177249.1627312272,1627312271,/en/youtube/editing-your-videos-on-youtube/1/?lo=,youtube,editing-your-videos-on-youtube,2021-07-26T15:11:11.960144Z
52177314.1628439493,1628439495,/en/excel2013/groups-and-subtotals/1/?lo=,excel2013,groups-and-subtotals,2021-08-08T16:18:15.245689Z
52177529.1639124634,1639124634,/en/excel2013/filtering-data/1/?lo=,excel2013,filtering-data,2021-12-10T08:23:54.287629Z
52177694.1636991078,1636991077,/en/googleslides/adding-transitions-and-animations/1/?lo=,googleslides,adding-transitions-and-animations,2021-11-15T15:44:37.649387Z
52177935.1635540107,1635540106,/en/gmail/setting-up-a-gmail-account/1/?lo=,gmail,setting-up-a-gmail-account,2021-10-29T20:41:46.129622Z
52177977.1642055970,1642055969,/en/word-tips/how-to-create-a-table-of-contents-in-word/1/?lo=,word-tips,how-to-create-a-table-of-contents-in-word,2022-01-13T06:39:29.912576Z
52178037.1634455256,1634455256,/en/facebook101/creating-a-facebook-page/1/?lo=,facebook101,creating-a-facebook-page,2021-10-17T07:20:56.871710Z
52178067.1627462865,1627462864,/en/computerbasics/understanding-operating-systems/1/?lo=,computerbasics,understanding-operating-systems,2021-07-28T09:01:04.964048Z
52178205.1628292827,1628292828,/en/excel2016/sorting-data/1/?lo=,excel2016,sorting-data,2021-08-06T23:33:48.046140Z
52178354.1640679614,1640679613,/en/googlespreadsheets/modifying-columns-rows-and-cells/1/?lo=,googlespreadsheets,modifying-columns-rows-and-cells,2021-12-28T08:20:13.826377Z
52178385.1632943025,1632943025,/en/basic-computer-skills/disable-applications-from-running-on-startup/1/?lo=,basic-computer-skills,disable-applications-from-running-on-startup,2021-09-29T19:17:05.547476Z
52178508.1628493507,1628493508,/en/basic-computer-skills/installing-software-on-your-windows-pc/1/?lo=,basic-computer-skills,installing-software-on-your-windows-pc,2021-08-09T07:18:28.483725Z
52178709.1641762942,1641762941,/en/basic-computer-skills/disable-applications-from-running-on-startup/1/?lo=,basic-computer-skills,disable-applications-from-running-on-startup,2022-01-09T21:15:41.935936Z
52178812.1643284277,1643284278,/en/tr_ar-excel-2016/columns-rows-and-tables-/1/?lo=,tr_ar-excel-2016,columns-rows-and-tables-,2022-01-27T11:51:18.500210Z
52178964.1629375649,1629375649,/en/imageediting101/image-editing-software/1/?lo=,imageediting101,image-editing-software,2021-08-19T12:20:49.554308Z
52179007.1643038095,1643038095,/en/photoshopbasics/reading-a-histogram/1/?lo=,photoshopbasics,reading-a-histogram,2022-01-24T15:28:38.655520Z
52179007.1643038095,1643038095,/en/photoshopbasics/working-with-text/1/?lo=,photoshopbasics,working-with-text,2022-01-24T15:28:15.093531Z
52179090.1639321523,1639321523,/en/tr_ar-excel-2016/cell-basics-/1/?lo=,tr_ar-excel-2016,cell-basics-,2021-12-12T15:05:23.642960Z
52179360.1629811975,1629811975,/en/facebook101/locked-out-of-your-facebook-account/1/?lo=,facebook101,locked-out-of-your-facebook-account,2021-08-24T13:32:55.618173Z
52179583.1640088803,1640088799,/en/word/page-layout/1/?lo=,word,page-layout,2021-12-21T12:13:19.532661Z
52179676.1626682049,1626682050,/en/excelxp/identifying-basic-parts-of-the-excel-window/1/?lo=,excelxp,identifying-basic-parts-of-the-excel-window,2021-07-19T08:07:30.520054Z
52179777.1636215156,1636215157,/en/tr_id-word-2016/spasi-baris-dan-paragraf/1/?lo=,tr_id-word-2016,spasi-baris-dan-paragraf,2021-11-06T16:12:37.216198Z
52179794.1638966878,1638967044,/en/internetbasics/using-search-engines/1/?lo=,internetbasics,using-search-engines,2021-12-08T12:38:26.258999Z
52179794.1638966878,1638967044,/en/internetbasics/using-search-engines/1/?lo=,internetbasics,using-search-engines,2021-12-08T12:37:24.858283Z
52179817.1630960465,1630960465,/en/internetsafetyforkids/teaching-kids-about-internet-safety/1/?lo=,internetsafetyforkids,teaching-kids-about-internet-safety,2021-09-06T20:34:25.116403Z
52179832.1625453332,1625453332,/en/excel2013/groups-and-subtotals/1/?lo=,excel2013,groups-and-subtotals,2021-07-05T02:48:52.855212Z
52179861.1637156787,1637156775,/en/tr_id-word-2016/spasi-baris-dan-paragraf/1/?lo=,tr_id-word-2016,spasi-baris-dan-paragraf,2021-11-17T13:46:15.967134Z
5217987.1635944471,1635944472,/en/basic-computer-skills/getting-started-with-your-first-computer/1/?lo=,basic-computer-skills,getting-started-with-your-first-computer,2021-11-03T13:04:44.517209Z
52179967.1631800743,1631800742,/en/powerpoint2016/indents-and-line-spacing/1/?lo=,powerpoint2016,indents-and-line-spacing,2021-09-16T13:59:02.971591Z
52179994.1630530675,1630530678,/en/googledocuments/working-with-tables/1/?lo=,googledocuments,working-with-tables,2021-09-01T21:11:18.737349Z
52180443.1635221675,1635221674,/en/google-tips/getting-started-with-google-calendar/1/?lo=,google-tips,getting-started-with-google-calendar,2021-10-26T04:14:34.771577Z
52180447.1635134244,1635134243,/en/computerbasics/what-is-a-computer/1/?lo=,computerbasics,what-is-a-computer,2021-10-25T03:57:23.959555Z
52180452.1643244793,1643244793,/en/powerpoint2013/animating-text-and-objects/1/?lo=,powerpoint2013,animating-text-and-objects,2022-01-27T00:53:13.926571Z
52180593.1643284845,1643284845,/en/googlespreadsheets/creating-simple-formulas/1/?lo=,googlespreadsheets,creating-simple-formulas,2022-01-27T12:00:45.251387Z
52181256.1629617710,1629617710,/en/facebook101/locked-out-of-your-facebook-account/1/?lo=,facebook101,locked-out-of-your-facebook-account,2021-08-22T07:35:53.889391Z
52181256.1629617710,1629617710,/en/facebook101/facebook-news/1/?lo=,facebook101,facebook-news,2021-08-22T07:35:49.677765Z
52181256.1629617710,1629617710,/en/facebook101/locked-out-of-your-facebook-account/1/?lo=,facebook101,locked-out-of-your-facebook-account,2021-08-22T07:35:10.189991Z
52181276.1631942640,1631942639,/en/powerpoint-tips/recover-unsaved-presentations/1/?lo=,powerpoint-tips,recover-unsaved-presentations,2021-09-18T05:23:59.517485Z
521816.1632202104,1632202110,/en/googledriveanddocs/getting-started-with-google-drive/1/?lo=,googledriveanddocs,getting-started-with-google-drive,2021-09-21T05:32:21.352819Z
521816.1632202104,1632202110,/en/googledriveanddocs/all-about-google-drive/1/?lo=,googledriveanddocs,all-about-google-drive,2021-09-21T05:29:18.794720Z
52181620.1631305129,1631305129,/en/word-tips/how-to-create-a-table-of-contents-in-word/1/?lo=,word-tips,how-to-create-a-table-of-contents-in-word,2021-09-10T20:18:49.359301Z
521817.1642731293,1642731292,/en/internetexplorer/adding-and-managing-favorites/1/?lo=,internetexplorer,adding-and-managing-favorites,2022-01-21T02:14:52.966239Z
5218170.1635742010,1635742010,/en/digital-media-literacy/what-is-an-echo-chamber/1/?lo=,digital-media-literacy,what-is-an-echo-chamber,2021-11-01T04:46:50.303830Z
52181798.1642003029,1642003029,/en/grammar/adjectives-and-adverbs/1/?lo=,grammar,adjectives-and-adverbs,2022-01-12T15:57:09.003919Z
52181828.1642095603,1642095603,/en/excel2013/sorting-data/1/?lo=,excel2013,sorting-data,2022-01-13T17:40:03.268272Z
52182223.1635023827,1635023827,/en/facebook101/creating-a-facebook-page/1/?lo=,facebook101,creating-a-facebook-page,2021-10-23T21:17:07.402332Z
52182427.1625549715,1625549712,/en/computerbasics/what-is-a-computer/1/?lo=,computerbasics,what-is-a-computer,2021-07-06T05:35:12.806014Z
52182594.1634687765,1634687764,/en/excel-tips/how-to-quickly-duplicate-a-sheet/1/?lo=,excel-tips,how-to-quickly-duplicate-a-sheet,2021-10-19T23:56:30.913153Z
52182594.1634687765,1634687764,/en/excel-tips/find-a-sum-without-using-a-formula/1/?lo=,excel-tips,find-a-sum-without-using-a-formula,2021-10-19T23:56:26.094953Z
52182594.1634687765,1634687764,/en/excel-tips/select-an-entire-row-or-column/1/?lo=,excel-tips,select-an-entire-row-or-column,2021-10-19T23:56:20.584991Z
52182594.1634687765,1634687764,/en/excel-tips/jump-to-any-sheet-with-a-shortcut/1/?lo=,excel-tips,jump-to-any-sheet-with-a-shortcut,2021-10-19T23:56:10.826224Z
52182594.1634687765,1634687764,/en/excel-tips/how-to-quickly-duplicate-a-sheet/1/?lo=,excel-tips,how-to-quickly-duplicate-a-sheet,2021-10-19T23:56:04.720776Z
52182872.1625140957,1625140958,/en/excel2016/cell-basics/1/?lo=,excel2016,cell-basics,2021-07-01T12:02:38.046030Z
52183195.1631742297,1631742297,/en/using-the-web-to-get-stuff-done/how-to-sell-something-on-craigslist/1/?lo=,using-the-web-to-get-stuff-done,how-to-sell-something-on-craigslist,2021-09-15T21:45:29.615290Z
52183195.1631742297,1631742297,/en/using-the-web-to-get-stuff-done/what-is-craigslist/1/?lo=,using-the-web-to-get-stuff-done,what-is-craigslist,2021-09-15T21:44:57.512921Z
52183321.1640530305,1640530295,/en/excel2016/freezing-panes-and-view-options/1/?lo=,excel2016,freezing-panes-and-view-options,2021-12-26T14:51:35.651462Z
52183323.1630396938,1630396939,/en/digital-media-literacy/how-filter-bubbles-isolate-you/1/?lo=,digital-media-literacy,how-filter-bubbles-isolate-you,2021-08-31T08:02:19.518222Z
52183509.1642995582,1642995582,/en/excel2007/working-with-worksheets/1/?lo=,excel2007,working-with-worksheets,2022-01-24T03:39:42.328448Z
52183663.1636092963,1636092963,/en/moneybasics/managing-a-checking-account/1/?lo=,moneybasics,managing-a-checking-account,2021-11-05T06:16:03.312206Z
52183758.1630897265,1630897265,/en/powerpoint2010/modifying-lists/1/?lo=,powerpoint2010,modifying-lists,2021-09-06T03:01:32.268147Z
52183774.1636575160,1636575160,/en/onedrive/getting-started-with-onedrive/1/?lo=,onedrive,getting-started-with-onedrive,2021-11-10T20:12:40.643139Z
52183840.1637892174,1637892174,/en/facebook101/locked-out-of-your-facebook-account/1/?lo=,facebook101,locked-out-of-your-facebook-account,2021-11-26T02:02:54.404713Z
52184094.1630082585,1630082584,/en/facebook101/locked-out-of-your-facebook-account/1/?lo=,facebook101,locked-out-of-your-facebook-account,2021-08-27T16:43:04.606125Z
52184215.1636457306,1636457299,/en/word2016/mail-merge/1/?lo=,word2016,mail-merge,2021-11-09T11:28:19.923682Z
52184237.1637967606,1637967606,/en/facebook101/locked-out-of-your-facebook-account/1/?lo=,facebook101,locked-out-of-your-facebook-account,2021-11-26T23:00:06.869232Z
52184426.1629482488,1629482488,/en/googledocuments/adjusting-margins/1/?lo=,googledocuments,adjusting-margins,2021-08-20T18:01:28.619046Z
5218460.1632255671,1632255671,/en/word/using-the-draw-tab/1/?lo=,word,using-the-draw-tab,2021-09-21T20:21:11.096556Z
52184776.1642697540,1642697540,/en/excel-tips/how-to-use-excels-vlookup-function/1/?lo=,excel-tips,how-to-use-excels-vlookup-function,2022-01-20T16:52:20.660019Z
52185059.1632829243,1632829169,/en/access2016/creating-reports/1/?lo=,access2016,creating-reports,2021-09-28T11:39:29.383166Z
52185349.1633919254,1633919255,/en/facebook101/locked-out-of-your-facebook-account/1/?lo=,facebook101,locked-out-of-your-facebook-account,2021-10-11T02:27:35.673202Z
52185802.1642679193,1642679193,/en/excel2013/charts/1/?lo=,excel2013,charts,2022-01-20T11:46:33.575823Z
52186019.1638995424,1638995422,/en/powerpoint/slide-basics/1/?lo=,powerpoint,slide-basics,2021-12-08T20:34:50.620828Z
52186019.1638995424,1638995422,/en/powerpoint/creating-and-opening-presentations/1/?lo=,powerpoint,creating-and-opening-presentations,2021-12-08T20:33:52.889614Z
52186019.1638995424,1638995422,/en/powerpoint/understanding-onedrive/1/?lo=,powerpoint,understanding-onedrive,2021-12-08T20:33:46.339086Z
52186019.1638995424,1638995422,/en/powerpoint/getting-started-with-powerpoint/1/?lo=,powerpoint,getting-started-with-powerpoint,2021-12-08T20:33:37.360976Z
52186019.1638995424,1638995422,/en/powerpoint2016/getting-started-with-powerpoint/1/?lo=,powerpoint2016,getting-started-with-powerpoint,2021-12-08T20:30:22.928051Z
52186130.1635910408,1635910408,/en/computerbasics/what-is-a-computer/1/?lo=,computerbasics,what-is-a-computer,2021-11-03T03:33:28.254254Z
52186162.1640536422,1640536422,/en/computerbasics/getting-started-with-your-first-computer/1/?lo=,computerbasics,getting-started-with-your-first-computer,2021-12-26T16:33:42.471246Z
52186194.1642588317,1642588314,/en/excel2013/groups-and-subtotals/1/?lo=,excel2013,groups-and-subtotals,2022-01-19T10:31:54.342107Z
52186210.1630003797,1630003797,/en/windowsbasics/working-with-files/1/?lo=,windowsbasics,working-with-files,2021-08-26T18:49:57.682834Z
521863.1633407124,1633407124,/en/gmail/setting-up-a-gmail-account/1/?lo=,gmail,setting-up-a-gmail-account,2021-10-05T04:12:04.015644Z
52186587.1634884622,1634884622,/en/moneybasics/financial-problem-solving-strategies/1/?lo=,moneybasics,financial-problem-solving-strategies,2021-10-22T06:37:02.294096Z
52187024.1632819528,1632819527,/en/excel2010/formatting-tables/1/?lo=,excel2010,formatting-tables,2021-09-28T08:58:47.918516Z
52187215.1634095762,1634095762,/en/typing/typing/1/?lo=,typing,typing,2021-10-13T03:29:22.124159Z
52187332.1637660180,1637660180,/en/excel2016/track-changes-and-comments/1/?lo=,excel2016,track-changes-and-comments,2021-11-23T09:36:20.926390Z
52187449.1639582077,1639582076,/en/word-tips/how-to-create-a-table-of-contents-in-word/1/?lo=,word-tips,how-to-create-a-table-of-contents-in-word,2021-12-15T15:27:56.648339Z
52187478.1629097245,1629097245,/en/googlespreadsheets/modifying-columns-rows-and-cells/1/?lo=,googlespreadsheets,modifying-columns-rows-and-cells,2021-08-16T07:00:45.073514Z
52187835.1632774618,1632774617,/en/iphonebasics/using-ios/1/?lo=,iphonebasics,using-ios,2021-09-27T20:30:17.289770Z
52188182.1637347885,1637347883,/en/computerbasics/understanding-operating-systems/1/?lo=,computerbasics,understanding-operating-systems,2021-11-19T18:51:23.898389Z
52188273.1634671104,1634671103,/en/grammar/i-me-and-other-pronouns/1/?lo=,grammar,i-me-and-other-pronouns,2021-10-19T19:18:23.747379Z
52188310.1642797343,1642797343,/en/googleslides/getting-started-with-your-presentation/1/?lo=,googleslides,getting-started-with-your-presentation,2022-01-21T20:35:43.262771Z
52188317.1630460072,1630460072,/en/internetsafety/introduction-to-internet-safety/1/?lo=,internetsafety,introduction-to-internet-safety,2021-09-01T01:34:32.362988Z
52188578.1641351021,1641351022,/en/business-communication/how-to-write-a-formal-business-letter/1/?lo=,business-communication,how-to-write-a-formal-business-letter,2022-01-05T02:50:22.354800Z
52188646.1627821172,1627821173,/en/computer-science/algorithms/1/?lo=,computer-science,algorithms,2021-08-01T12:32:53.358979Z
52188843.1630340035,1630340035,/en/word2016/understanding-onedrive/1/?lo=,word2016,understanding-onedrive,2021-08-30T16:22:30.817541Z
52188843.1630340035,1630340035,/en/info/how-weve-helped/1/?lo=,info,how-weve-helped,2021-08-30T16:14:46.727312Z
52188843.1630340035,1630340035,/en/info/how-weve-helped/1/?lo=,info,how-weve-helped,2021-08-30T16:14:26.359846Z
52188843.1630340035,1630340035,/en/info/how-weve-helped/1/?lo=,info,how-weve-helped,2021-08-30T16:14:19.321873Z
52188995.1641235920,1641235919,/en/canva/creating-a-youtube-banner/1/?lo=,canva,creating-a-youtube-banner,2022-01-03T18:51:59.658124Z
52189338.1636446282,1636446283,/en/powerpoint-tips/simple-rules-for-better-powerpoint-presentations/1/?lo=,powerpoint-tips,simple-rules-for-better-powerpoint-presentations,2021-11-09T08:24:43.623972Z
5218966.1631037178,1631037181,/en/googledocuments/inserting-images/1/?lo=,googledocuments,inserting-images,2021-09-07T17:53:57.303532Z
5218966.1631037178,1631037181,/en/googledocuments/working-with-tables/1/?lo=,googledocuments,working-with-tables,2021-09-07T17:53:01.617159Z
52189692.1630439825,1630439824,/en/excel2016/cell-basics/1/?lo=,excel2016,cell-basics,2021-08-31T20:15:39.452549Z
52189692.1630439825,1630439824,/en/excel2016/creating-and-opening-workbooks/1/?lo=,excel2016,creating-and-opening-workbooks,2021-08-31T20:15:11.572609Z
52189692.1630439825,1630439824,/en/excel2016/saving-and-sharing-workbooks/1/?lo=,excel2016,saving-and-sharing-workbooks,2021-08-31T20:14:55.052911Z
52189692.1630439825,1630439824,/en/excel2016/creating-and-opening-workbooks/1/?lo=,excel2016,creating-and-opening-workbooks,2021-08-31T19:57:32.500528Z
52189692.1630439825,1630439824,/en/excel2016/understanding-onedrive/1/?lo=,excel2016,understanding-onedrive,2021-08-31T19:57:25.794509Z
52189692.1630439825,1630439824,/en/excel2016/getting-started-with-excel/1/?lo=,excel2016,getting-started-with-excel,2021-08-31T19:57:04.718854Z
52189702.1638876655,1638876655,/en/grammar/i-me-and-other-pronouns/1/?lo=,grammar,i-me-and-other-pronouns,2021-12-07T11:30:55.459585Z
52189888.1638623797,1638623799,/en/gmail/setting-up-a-gmail-account/1/?lo=,gmail,setting-up-a-gmail-account,2021-12-04T13:16:39.284441Z
5218990.1630419273,1630419273,/en/googleaccount/locked-out-of-your-google-account/1/?lo=,googleaccount,locked-out-of-your-google-account,2021-08-31T14:14:33.090450Z
52190077.1636393263,1636393263,/en/tr_ar-excel-2016/columns-rows-and-tables-/1/?lo=,tr_ar-excel-2016,columns-rows-and-tables-,2021-11-08T17:41:03.268309Z
52190190.1630093586,1630093598,/en/googlespreadsheets/formatting-cells/1/?lo=,googlespreadsheets,formatting-cells,2021-08-27T19:46:38.236149Z
521904.1631259315,1631259315,/en/tr_id-word-2016/menggunakan-find-replace/1/?lo=,tr_id-word-2016,menggunakan-find-replace,2021-09-10T07:35:15.479974Z
52190714.1625735603,1625735606,/en/word2010/inserting-clip-art-and-pictures/1/?lo=,word2010,inserting-clip-art-and-pictures,2021-07-08T09:21:05.889827Z
52190714.1625735603,1625735606,/en/word2010/inserting-clip-art-and-pictures/1/?lo=,word2010,inserting-clip-art-and-pictures,2021-07-08T09:13:26.835607Z
52190901.1628556441,1628556441,/en/word-tips/modifying-page-numbers-in-word/1/?lo=,word-tips,modifying-page-numbers-in-word,2021-08-10T00:47:21.187710Z
52191225.1628062049,1628062048,/en/macosxyosemite/upgrading-to-os-x-yosemite/1/?lo=,macosxyosemite,upgrading-to-os-x-yosemite,2021-08-04T07:27:28.853145Z
52191359.1638626941,1638626944,/en/powerpoint/inserting-videos/1/?lo=,powerpoint,inserting-videos,2021-12-04T14:09:04.635285Z
52191470.1637654153,1637654153,/en/internetbasics/what-is-the-internet/1/?lo=,internetbasics,what-is-the-internet,2021-11-23T07:55:53.248892Z
52191878.1635205667,1635205667,/en/excel2013/groups-and-subtotals/1/?lo=,excel2013,groups-and-subtotals,2021-10-25T23:47:47.904150Z
52191987.1641823225,1641823224,/en/excel2016/creating-and-opening-workbooks/1/?lo=,excel2016,creating-and-opening-workbooks,2022-01-10T14:00:24.979389Z
5219214.1631709313,1631709329,/en/computerbasics/basic-troubleshooting-techniques/1/?lo=,computerbasics,basic-troubleshooting-techniques,2021-09-15T12:53:10.444802Z
52192511.1641220478,1641220478,/en/googledocuments/text-basics/1/?lo=,googledocuments,text-basics,2022-01-03T14:48:20.259368Z
52192511.1641220478,1641220478,/en/googledocuments/text-basics/1/?lo=,googledocuments,text-basics,2022-01-03T14:34:38.338119Z
52192577.1640096429,1640096428,/en/excel-tips/use-sumproduct-to-calculate-weighted-averages/1/?lo=,excel-tips,use-sumproduct-to-calculate-weighted-averages,2021-12-21T14:20:28.641574Z
52192610.1638589417,1638589418,/en/tr_fr-computer-basics/quest-ce-quun-ordinateur/1/?lo=,tr_fr-computer-basics,quest-ce-quun-ordinateur,2021-12-04T03:43:38.533208Z
52192634.1638914818,1638914818,/en/facebook101/locked-out-of-your-facebook-account/1/?lo=,facebook101,locked-out-of-your-facebook-account,2021-12-07T22:06:58.298504Z
52193109.1635777574,1635777574,/en/excel2013/filtering-data/1/?lo=,excel2013,filtering-data,2021-11-01T14:39:34.033621Z
52193135.1636096221,1636096222,/en/computerbasics/understanding-applications/1/?lo=,computerbasics,understanding-applications,2021-11-05T07:10:22.750064Z
52193185.1643378341,1643378340,/en/techsavvy/sharing-photos-privately/1/?lo=,techsavvy,sharing-photos-privately,2022-01-28T13:59:00.613763Z
52193281.1632296924,1632296924,/en/word2010/getting-started-with-word/1/?lo=,word2010,getting-started-with-word,2021-09-22T08:02:36.386740Z
52193281.1632296924,1632296924,/en/word2010/text-basics/1/?lo=,word2010,text-basics,2021-09-22T08:00:19.826739Z
52193281.1632296924,1632296924,/en/word2010/getting-started-with-word/1/?lo=,word2010,getting-started-with-word,2021-09-22T07:48:44.129118Z
5219346.1633779732,1633779733,/en/algebra-topics/simplifying-expressions/1/?lo=,algebra-topics,simplifying-expressions,2021-10-09T11:42:13.985639Z
52193510.1635921542,1635921574,/en/excel2016/checking-spelling/1/?lo=,excel2016,checking-spelling,2021-11-03T06:39:34.736542Z
52194163.1634949637,1634949386,/en/grammar/abbreviations-and-acronyms/1/?lo=,grammar,abbreviations-and-acronyms,2021-10-23T00:36:26.629680Z
52194193.1633681298,1633681303,/en/percents/converting-percentages-decimals-and-fractions/1/?lo=,percents,converting-percentages-decimals-and-fractions,2021-10-08T08:21:43.572234Z
52194361.1634559325,1634559326,/en/edge/adding-and-managing-favorites/1/?lo=,edge,adding-and-managing-favorites,2021-10-18T12:15:26.082380Z
52194412.1643213048,1643213052,/en/indeed/searching-and-applying-for-jobs/1/?lo=,indeed,searching-and-applying-for-jobs,2022-01-26T16:04:12.456199Z
52194472.1624009369,1635756493,/en/word/getting-started-with-word/1/?lo=,word,getting-started-with-word,2021-11-01T08:48:18.485635Z
52194472.1624009369,1624876545,/en/word/breaks/1/?lo=,word,breaks,2021-06-28T10:47:27.749005Z
52194472.1624009369,1624876545,/en/word/links/1/?lo=,word,links,2021-06-28T10:39:56.647569Z
52194472.1624009369,1624615737,/en/word/indents-and-tabs/1/?lo=,word,indents-and-tabs,2021-06-25T10:38:05.576024Z
52194472.1624009369,1624615737,/en/word2016/formatting-text/1/?lo=,word2016,formatting-text,2021-06-25T10:33:46.346192Z
52194472.1624009369,1624615737,/en/word2016/aligning-ordering-and-grouping-objects/1/?lo=,word2016,aligning-ordering-and-grouping-objects,2021-06-25T10:13:58.756146Z
52194472.1624009369,1624615737,/en/word2016/getting-started-with-word/1/?lo=,word2016,getting-started-with-word,2021-06-25T10:09:43.876982Z
52194472.1624009369,1624534815,/en/word/text-basics/1/?lo=,word,text-basics,2021-06-24T12:50:27.237838Z
52194472.1624009369,1624534815,/en/word/page-numbers/1/?lo=,word,page-numbers,2021-06-24T12:13:59.191502Z
52194472.1624009369,1624534815,/en/word/printing-documents/1/?lo=,word,printing-documents,2021-06-24T12:10:07.771932Z
52194472.1624009369,1624534815,/en/word/columns/1/?lo=,word,columns,2021-06-24T12:07:07.962191Z
52194472.1624009369,1624534815,/en/word/headers-and-footers/1/?lo=,word,headers-and-footers,2021-06-24T12:03:31.020913Z
52194472.1624009369,1624534815,/en/word/pictures-and-text-wrapping/1/?lo=,word,pictures-and-text-wrapping,2021-06-24T12:01:54.231800Z
52194472.1624009369,1624534815,/en/word/formatting-pictures/1/?lo=,word,formatting-pictures,2021-06-24T11:54:34.196029Z
52194472.1624009369,1624534815,/en/word/aligning-ordering-and-grouping-objects/1/?lo=,word,aligning-ordering-and-grouping-objects,2021-06-24T11:48:49.075042Z
52194472.1624009369,1624534815,/en/word/track-changes-and-comments/1/?lo=,word,track-changes-and-comments,2021-06-24T11:45:29.205506Z
52194472.1624009369,1624534815,/en/word/applying-and-modifying-styles/1/?lo=,word,applying-and-modifying-styles,2021-06-24T11:40:15.085649Z
52194848.1632750571,1632750571,/en/computerbasics/understanding-operating-systems/1/?lo=,computerbasics,understanding-operating-systems,2021-09-27T13:49:31.576785Z
52194902.1627156458,1627156456,/en/computerbasics/inside-a-computer/1/?lo=,computerbasics,inside-a-computer,2021-07-24T19:54:16.983172Z
52194910.1630069084,1630069086,/en/excelxp/writing-formulas-in-microsoft-excel-xp/1/?lo=,excelxp,writing-formulas-in-microsoft-excel-xp,2021-08-27T12:58:06.338732Z
52195150.1640236568,1640236568,/en/digitalphotography/taking-photos-with-a-smartphone/1/?lo=,digitalphotography,taking-photos-with-a-smartphone,2021-12-23T05:16:26.396476Z
52195150.1640236568,1640236568,/en/digitalphotography/capturing-closeup-shots/1/?lo=,digitalphotography,capturing-closeup-shots,2021-12-23T05:16:08.776692Z
52195424.1642176915,1642126522,/en/digital-media-literacy/what-is-an-echo-chamber/1/?lo=,digital-media-literacy,what-is-an-echo-chamber,2022-01-14T02:15:22.186701Z
52195550.1639908006,1639908006,/en/wordxp/bulleted-and-numbered-lists/1/?lo=,wordxp,bulleted-and-numbered-lists,2021-12-19T10:00:06.243797Z
52195623.1627009842,1627009838,/en/email101/email-etiquette-and-safety/1/?lo=,email101,email-etiquette-and-safety,2021-07-23T03:10:38.688613Z
52196142.1632729408,1632729407,/en/gmail/setting-up-a-gmail-account/1/?lo=,gmail,setting-up-a-gmail-account,2021-09-27T07:56:47.754858Z
52196189.1639929676,1639929676,/en/excel2013/filtering-data/1/?lo=,excel2013,filtering-data,2021-12-19T16:01:16.578751Z
52196349.1637667387,1637667255,/en/powerpoint2003/inserting-copying-and-deleting-slides/1/?lo=,powerpoint2003,inserting-copying-and-deleting-slides,2021-11-23T11:34:15.860393Z
52196884.1635253645,1635253648,/en/computerbasics/creating-a-safe-workspace/1/?lo=,computerbasics,creating-a-safe-workspace,2021-10-26T13:07:28.147562Z
52197074.1633284545,1633284557,/en/word2016/tables/1/?lo=,word2016,tables,2021-10-03T18:25:45.876749Z
52197074.1633284545,1633284557,/en/word2016/tables/1/?lo=,word2016,tables,2021-10-03T18:25:42.642099Z
52197074.1633284545,1633284557,/en/word2016/tables/1/?lo=,word2016,tables,2021-10-03T18:09:49.108462Z
52197074.1633284545,1633284557,/en/word2016/tables/1/?lo=,word2016,tables,2021-10-03T18:09:17.433849Z
52197325.1627943408,1627943408,/en/word-tips/inserting-a-screenshot-with-ease/1/?lo=,word-tips,inserting-a-screenshot-with-ease,2021-08-02T22:33:16.323845Z
52197325.1627943408,1627943408,/en/word-tips/reduce-eye-strain-with-read-mode/1/?lo=,word-tips,reduce-eye-strain-with-read-mode,2021-08-02T22:31:48.113964Z
52197325.1627943408,1627943408,/en/word-tips/add-a-selfupdating-date-stamp-to-your-doc/1/?lo=,word-tips,add-a-selfupdating-date-stamp-to-your-doc,2021-08-02T22:30:45.201095Z
52197325.1627943408,1627943408,/en/word-tips/translate-text-instantly/1/?lo=,word-tips,translate-text-instantly,2021-08-02T22:30:30.017939Z
52197334.1639856975,1639856975,/en/facebook101/deactivating-your-facebook-account/1/?lo=,facebook101,deactivating-your-facebook-account,2021-12-18T19:49:35.722232Z
52197451.1626391743,1626391558,/en/computerbasics/what-is-a-computer/1/?lo=,computerbasics,what-is-a-computer,2021-07-15T23:28:01.346391Z
52197451.1626391743,1626391558,/en/computerbasics/about-this-tutorial/1/?lo=,computerbasics,about-this-tutorial,2021-07-15T23:27:43.168995Z
52197451.1626391743,1626391558,/en/computerbasics/basic-parts-of-a-computer/1/?lo=,computerbasics,basic-parts-of-a-computer,2021-07-15T23:26:59.968557Z
52197506.1630344956,1630344945,/en/googledriveanddocs/getting-started-with-google-drive/1/?lo=,googledriveanddocs,getting-started-with-google-drive,2021-08-30T17:35:45.663930Z
52197529.1639772515,1639772517,/en/tr_id-word-2016/grafik/1/?lo=,tr_id-word-2016,grafik,2021-12-17T20:21:57.353075Z
52197690.1641092596,1641092596,/en/internetbasics/using-a-web-browser/1/?lo=,internetbasics,using-a-web-browser,2022-01-02T03:03:16.925129Z
5219784.1629856010,1629856010,/en/googledocuments/inserting-text-boxes-and-shapes/1/?lo=,googledocuments,inserting-text-boxes-and-shapes,2021-08-25T01:46:50.023367Z
5219786.1633610424,1633610424,/en/basic-computer-skills/undo-your-mistakes/1/?lo=,basic-computer-skills,undo-your-mistakes,2021-10-07T12:40:24.441784Z
52198082.1636051641,1636051662,/en/excel2003/using-functions/1/?lo=,excel2003,using-functions,2021-11-04T18:47:42.801144Z
52198162.1636354826,1636354825,/en/tr_id-excel-2016/fungsi/1/?lo=,tr_id-excel-2016,fungsi,2021-11-08T07:00:43.293856Z
52198162.1636354826,1636354825,/en/tr_id-excel-2016/fungsi/1/?lo=,tr_id-excel-2016,fungsi,2021-11-08T07:00:29.719890Z
52198162.1636354826,1636354825,/en/tr_id-excel-2016/fungsi/1/?lo=,tr_id-excel-2016,fungsi,2021-11-08T07:00:26.177763Z
52198162.1636354826,1636354825,/en/tr_id-excel-2016/fungsi/1/?lo=,tr_id-excel-2016,fungsi,2021-11-08T07:00:25.987677Z
52198177.1632032940,1632032940,/en/moneybasics/managing-a-checking-account/1/?lo=,moneybasics,managing-a-checking-account,2021-09-19T06:29:00.303694Z
52198557.1642711439,1642711438,/en/googledocuments/creating-a-table-of-contents/1/?lo=,googledocuments,creating-a-table-of-contents,2022-01-20T20:43:58.922606Z
52198779.1641917064,1641917063,/en/googleslides/editing-master-slides-and-layouts/1/?lo=,googleslides,editing-master-slides-and-layouts,2022-01-11T16:04:23.998807Z
52198780.1625454944,1625454943,/en/googleslides/slide-basics/1/?lo=,googleslides,slide-basics,2021-07-05T03:17:58.685708Z
52198780.1625454944,1625454943,/en/googledocuments/getting-started-with-google-drive/1/?lo=,googledocuments,getting-started-with-google-drive,2021-07-05T03:17:33.798097Z
52198780.1625454944,1625454943,/en/googledocuments/getting-started-with-google-drive/1/?lo=,googledocuments,getting-started-with-google-drive,2021-07-05T03:15:43.512886Z
52198824.1629403529,1629403529,/en/gmail/setting-up-a-gmail-account/1/?lo=,gmail,setting-up-a-gmail-account,2021-08-19T20:05:29.103425Z
52199158.1641270115,1641270116,/en/windowsbasics/common-applications-in-windows/1/?lo=,windowsbasics,common-applications-in-windows,2022-01-04T04:21:56.083762Z
5219920.1634044904,1634044903,/en/word2016/creating-and-opening-documents/1/?lo=,word2016,creating-and-opening-documents,2021-10-12T13:30:05.167363Z
5219920.1634044904,1634044903,/en/word2016/understanding-onedrive/1/?lo=,word2016,understanding-onedrive,2021-10-12T13:29:56.998509Z
5219920.1634044904,1634044903,/en/word2016/understanding-onedrive/1/?lo=,word2016,understanding-onedrive,2021-10-12T13:29:52.078374Z
5219920.1634044904,1634044903,/en/word2016/creating-and-opening-documents/1/?lo=,word2016,creating-and-opening-documents,2021-10-12T13:29:51.672541Z
5219920.1634044904,1634044903,/en/word2016/understanding-onedrive/1/?lo=,word2016,understanding-onedrive,2021-10-12T13:29:33.642515Z
5219920.1634044904,1634044903,/en/word2016/saving-and-sharing-documents/1/?lo=,word2016,saving-and-sharing-documents,2021-10-12T13:28:49.969562Z
5219920.1634044904,1634044903,/en/word2016/creating-and-opening-documents/1/?lo=,word2016,creating-and-opening-documents,2021-10-12T13:28:42.499602Z
5219920.1634044904,1634044903,/en/word2016/understanding-onedrive/1/?lo=,word2016,understanding-onedrive,2021-10-12T13:28:33.406353Z
5219920.1634044904,1634044903,/en/word2016/getting-started-with-word/1/?lo=,word2016,getting-started-with-word,2021-10-12T13:21:48.392284Z
52199442.1636978797,1636978796,/en/osxbasics/running-windows-on-a-mac/1/?lo=,osxbasics,running-windows-on-a-mac,2021-11-15T12:21:03.956909Z
52199442.1636978797,1636978796,/en/osxbasics/using-a-windows-keyboard-with-a-mac/1/?lo=,osxbasics,using-a-windows-keyboard-with-a-mac,2021-11-15T12:20:08.063154Z
52199442.1636978797,1636978796,/en/osxbasics/running-windows-on-a-mac/1/?lo=,osxbasics,running-windows-on-a-mac,2021-11-15T12:20:07.958214Z
52199442.1636978797,1636978796,/en/osxbasics/using-a-windows-keyboard-with-a-mac/1/?lo=,osxbasics,using-a-windows-keyboard-with-a-mac,2021-11-15T12:19:56.929947Z
52199885.1632855434,1632855434,/en/word/formatting-text/1/?lo=,word,formatting-text,2021-09-28T19:02:26.258481Z
52199885.1632855434,1632855434,/en/word/using-find-and-replace/1/?lo=,word,using-find-and-replace,2021-09-28T19:02:21.621853Z
52199885.1632855434,1632855434,/en/word/formatting-text/1/?lo=,word,formatting-text,2021-09-28T18:57:22.274559Z
52200031.1643104542,1643104544,/en/windows10/tips-for-managing-multiple-windows/1/?lo=,windows10,tips-for-managing-multiple-windows,2022-01-25T09:59:25.476409Z
52200031.1643104542,1643104544,/en/windows10/personalizing-your-desktop/1/?lo=,windows10,personalizing-your-desktop,2022-01-25T09:59:24.386221Z
52200031.1643104542,1643104544,/en/windows10/tips-for-managing-multiple-windows/1/?lo=,windows10,tips-for-managing-multiple-windows,2022-01-25T09:59:23.907962Z
52200031.1643104542,1643104544,/en/windows10/personalizing-your-desktop/1/?lo=,windows10,personalizing-your-desktop,2022-01-25T09:59:23.446750Z
52200031.1643104542,1643104544,/en/windows10/customizing-the-start-menu/1/?lo=,windows10,customizing-the-start-menu,2022-01-25T09:59:15.925323Z
52200031.1643104542,1643104544,/en/windows10/tips-for-managing-multiple-windows/1/?lo=,windows10,tips-for-managing-multiple-windows,2022-01-25T09:59:05.264219Z
52200031.1643104542,1643104544,/en/windows10/personalizing-your-desktop/1/?lo=,windows10,personalizing-your-desktop,2022-01-25T09:59:04.705049Z
52200031.1643104542,1643104544,/en/windows10/customizing-the-start-menu/1/?lo=,windows10,customizing-the-start-menu,2022-01-25T09:58:47.507462Z
52200031.1643104542,1643104544,/en/windows10/personalizing-your-desktop/1/?lo=,windows10,personalizing-your-desktop,2022-01-25T09:56:28.057874Z
52200031.1643104542,1643104544,/en/windows10/tips-for-managing-multiple-windows/1/?lo=,windows10,tips-for-managing-multiple-windows,2022-01-25T09:55:44.116626Z
52200200.1639994706,1639994706,/en/excel2010/using-conditional-formatting/1/?lo=,excel2010,using-conditional-formatting,2021-12-20T10:07:02.765666Z
52200200.1639994706,1639994706,/en/excel2016/conditional-formatting/1/?lo=,excel2016,conditional-formatting,2021-12-20T10:05:06.251226Z
52200944.1634859789,1634859789,/en/google-classroom/getting-started-with-google-classroom/1/?lo=,google-classroom,getting-started-with-google-classroom,2021-10-21T23:43:09.276610Z
52200991.1625765173,1625765173,/en/facebook101/facebook-news/1/?lo=,facebook101,facebook-news,2021-07-08T17:26:29.658711Z
52200991.1625765173,1625765173,/en/facebook101/locked-out-of-your-facebook-account/1/?lo=,facebook101,locked-out-of-your-facebook-account,2021-07-08T17:26:13.954755Z
5220115.1634716392,1634716393,/en/computerbasics/what-is-a-computer/1/?lo=,computerbasics,what-is-a-computer,2021-10-20T07:53:13.312473Z
52201175.1625827031,1625827032,/en/excelformulas/using-concatenate-to-combine-names/1/?lo=,excelformulas,using-concatenate-to-combine-names,2021-07-09T10:37:12.076431Z
52201251.1640105510,1640105510,/en/word2016/aligning-ordering-and-grouping-objects/1/?lo=,word2016,aligning-ordering-and-grouping-objects,2021-12-21T16:51:50.538375Z
52201378.1642421975,1642421975,/en/excel2016/sorting-data/1/?lo=,excel2016,sorting-data,2022-01-17T12:19:35.288697Z
52201392.1633087122,1633087123,/en/google-forms/organizing-and-analyzing-responses/1/?lo=,google-forms,organizing-and-analyzing-responses,2021-10-01T11:18:43.100684Z
52201681.1630146746,1630146744,/en/facebook101/locked-out-of-your-facebook-account/1/?lo=,facebook101,locked-out-of-your-facebook-account,2021-08-28T10:32:24.705543Z
52201947.1630622568,1630622569,/en/jobsuccess/business-etiquette/1/?lo=,jobsuccess,business-etiquette,2021-09-02T22:42:49.284563Z
52202106.1643353645,1643353656,/en/excel2016/cell-basics/1/?lo=,excel2016,cell-basics,2022-01-28T07:15:44.416954Z
52202106.1643353645,1643353656,/en/excel2003/identifying-basic-parts-of-the-excel-window/1/?lo=,excel2003,identifying-basic-parts-of-the-excel-window,2022-01-28T07:07:36.525354Z
52202202.1641814868,1641814867,/en/googledocuments/keyboard-shortcuts/1/?lo=,googledocuments,keyboard-shortcuts,2022-01-10T11:41:07.841516Z
5220239.1633762544,1633762544,/en/word2010/working-with-tables/1/?lo=,word2010,working-with-tables,2021-10-09T06:55:44.784629Z
52202749.1629964803,1629964804,/en/excel2016/groups-and-subtotals/1/?lo=,excel2016,groups-and-subtotals,2021-08-26T08:00:04.772237Z
52203199.1631281771,1631281770,/en/ipadbasics/security-and-general-settings/1/?lo=,ipadbasics,security-and-general-settings,2021-09-10T13:49:30.683645Z
52203208.1633429394,1633429394,/en/facebook101/locked-out-of-your-facebook-account/1/?lo=,facebook101,locked-out-of-your-facebook-account,2021-10-05T10:23:14.013543Z
5220337.1639359076,1639359077,/en/basic-computer-skills/installing-software-on-your-windows-pc/1/?lo=,basic-computer-skills,installing-software-on-your-windows-pc,2021-12-13T01:31:17.170648Z
5220366.1631736694,1631736694,/en/facebook101/locked-out-of-your-facebook-account/1/?lo=,facebook101,locked-out-of-your-facebook-account,2021-09-15T20:11:34.283959Z
52204084.1631942849,1631942866,/en/powerpoint2010/getting-started-with-powerpoint/1/?lo=,powerpoint2010,getting-started-with-powerpoint,2021-09-18T05:27:46.578019Z
52204302.1617322176,1638310708,/en/excelformulas/invoice-part-2-using-vlookup/1/?lo=,excelformulas,invoice-part-2-using-vlookup,2021-11-30T22:25:27.097692Z
52204302.1617322176,1638310708,/en/excelformulas/invoice-part-4-more-shipping-options/1/?lo=,excelformulas,invoice-part-4-more-shipping-options,2021-11-30T22:18:39.138910Z
52204302.1617322176,1638310708,/en/excelformulas/invoice-part-2-using-vlookup/1/?lo=,excelformulas,invoice-part-2-using-vlookup,2021-11-30T22:18:28.155043Z
52204302.1617322176,1617322176,/en/excel2016/conditional-formatting/1/?lo=,excel2016,conditional-formatting,2021-04-02T00:10:27.812452Z
52204302.1617322176,1617322176,/en/excel2016/charts/1/?lo=,excel2016,charts,2021-04-02T00:10:23.877667Z
52204302.1617322176,1617322176,/en/excel2016/tables/1/?lo=,excel2016,tables,2021-04-02T00:10:15.518057Z
52204302.1617322176,1617322176,/en/excel2016/groups-and-subtotals/1/?lo=,excel2016,groups-and-subtotals,2021-04-02T00:10:11.856207Z
52204302.1617322176,1617322176,/en/excel2016/filtering-data/1/?lo=,excel2016,filtering-data,2021-04-02T00:10:07.536474Z
52204302.1617322176,1617322176,/en/excel2016/sorting-data/1/?lo=,excel2016,sorting-data,2021-04-02T00:10:02.527247Z
52204302.1617322176,1617322176,/en/excel2016/freezing-panes-and-view-options/1/?lo=,excel2016,freezing-panes-and-view-options,2021-04-02T00:09:58.267618Z
52204302.1617322176,1617322176,/en/excel2016/basic-tips-for-working-with-data/1/?lo=,excel2016,basic-tips-for-working-with-data,2021-04-02T00:09:36.445608Z
52204377.1630068432,1630068432,/en/powerpoint2010/adding-callouts-to-images/1/?lo=,powerpoint2010,adding-callouts-to-images,2021-08-27T12:47:12.386413Z
5220442.1639224728,1639224727,/en/excel2013/groups-and-subtotals/1/?lo=,excel2013,groups-and-subtotals,2021-12-11T12:12:07.784031Z
52204634.1630079895,1630079896,/en/grammar/adjectives-and-adverbs/1/?lo=,grammar,adjectives-and-adverbs,2021-08-27T15:58:16.032035Z
52204756.1631641209,1631641209,/en/googleslides/editing-master-slides-and-layouts/1/?lo=,googleslides,editing-master-slides-and-layouts,2021-09-14T17:40:09.206213Z
52205004.1625647145,1625647143,/en/tr_id-word-2016/grafik/1/?lo=,tr_id-word-2016,grafik,2021-07-07T08:39:03.174001Z
52205839.1641865414,1641865413,/en/excel-tips/quick-access-toolbar-shortcuts/1/?lo=,excel-tips,quick-access-toolbar-shortcuts,2022-01-11T01:43:33.963299Z
52205895.1634153816,1634153816,/en/youtube/recording-your-own-videos/1/?lo=,youtube,recording-your-own-videos,2021-10-13T19:36:56.496396Z
52205927.1639456617,1639456615,/en/internetbasics/using-search-engines/1/?lo=,internetbasics,using-search-engines,2021-12-14T04:36:55.814591Z
52206000.1643220582,1643220581,/en/excel2010/merging-copies-of-a-shared-workbook/1/?lo=,excel2010,merging-copies-of-a-shared-workbook,2022-01-26T18:09:41.178081Z
52206151.1633351238,1633351237,/en/excel2013/charts/1/?lo=,excel2013,charts,2021-10-04T12:41:11.623213Z
52206151.1633351238,1633351237,/en/excel2013/charts/1/?lo=,excel2013,charts,2021-10-04T12:40:37.628816Z
52206211.1632656622,1632656622,/en/additionsubtraction/subtracting-two-and-threedigit-numbers/1/?lo=,additionsubtraction,subtracting-two-and-threedigit-numbers,2021-09-26T11:43:42.381661Z
52206469.1625411226,1625411227,/en/facebook101/facebook-quiz/1/?lo=,facebook101,facebook-quiz,2021-07-04T15:08:18.620685Z
52206469.1625411226,1625411227,/en/facebook101/facebook-quiz/1/?lo=,facebook101,facebook-quiz,2021-07-04T15:07:33.767001Z
52206469.1625411226,1625411227,/en/facebook101/facebook-news/1/?lo=,facebook101,facebook-news,2021-07-04T15:07:24.287006Z
52206469.1625411226,1625411227,/en/facebook101/locked-out-of-your-facebook-account/1/?lo=,facebook101,locked-out-of-your-facebook-account,2021-07-04T15:07:07.086925Z
52206524.1628691342,1628691342,/en/googledocuments/inserting-text-boxes-and-shapes/1/?lo=,googledocuments,inserting-text-boxes-and-shapes,2021-08-11T14:15:42.850038Z
52206829.1638363706,1638363702,/en/basic-computer-skills/how-to-customize-your-desktop-background/1/?lo=,basic-computer-skills,how-to-customize-your-desktop-background,2021-12-01T13:01:42.751044Z
52206949.1639381987,1639381986,/en/learning-tips/discover-your-learning-style/1/?lo=,learning-tips,discover-your-learning-style,2021-12-13T07:53:06.733276Z
52207034.1630171087,1630171086,/en/excel/getting-started-with-excel/1/?lo=,excel,getting-started-with-excel,2021-08-28T17:18:06.694722Z
52207162.1631707247,1631707248,/en/tr_id-word-2016/kotak-teks/1/?lo=,tr_id-word-2016,kotak-teks,2021-09-15T12:00:48.888452Z
52207168.1626347736,1626347736,/en/gmail/setting-up-a-gmail-account/1/?lo=,gmail,setting-up-a-gmail-account,2021-07-15T11:15:36.134069Z
52207234.1628269832,1628269831,/en/excel2016/conditional-formatting/1/?lo=,excel2016,conditional-formatting,2021-08-06T17:10:31.969958Z
5220743.1635502083,1635502084,/en/tr_ky-excel-2016/-intro-to-formulas/1/?lo=,tr_ky-excel-2016,-intro-to-formulas,2021-10-29T10:08:04.106771Z
52207465.1632575922,1632575922,/en/computerbasics/what-is-a-computer/1/?lo=,computerbasics,what-is-a-computer,2021-09-25T13:18:47.660236Z
52207465.1632575922,1632575922,/en/computerbasics/what-is-a-computer/1/?lo=,computerbasics,what-is-a-computer,2021-09-25T13:18:42.415229Z
52207915.1640367471,1640367471,/en/typing/typing/1/?lo=,typing,typing,2021-12-24T17:37:51.886168Z
52207933.1638803227,1638803227,/en/googledocuments/inserting-text-boxes-and-shapes/1/?lo=,googledocuments,inserting-text-boxes-and-shapes,2021-12-06T15:07:07.286562Z
52208124.1633716237,1633716237,/en/computerbasics/understanding-applications/1/?lo=,computerbasics,understanding-applications,2021-10-08T18:03:57.409018Z
52208460.1641312954,1641312954,/en/gmail/setting-up-a-gmail-account/1/?lo=,gmail,setting-up-a-gmail-account,2022-01-04T16:15:54.510561Z
52208859.1632839822,1632839821,/en/internetsafety/wifi-security/1/?lo=,internetsafety,wifi-security,2021-09-28T14:37:01.571427Z
52208938.1631148961,1631148928,/en/tr_id-excel-2016/menggunakan-find-replace/1/?lo=,tr_id-excel-2016,menggunakan-find-replace,2021-09-09T00:55:28.253887Z
52209031.1640937335,1640937336,/en/facebook101/locked-out-of-your-facebook-account/1/?lo=,facebook101,locked-out-of-your-facebook-account,2021-12-31T07:55:59.170140Z
52209031.1640937335,1640937336,/en/facebook101/locked-out-of-your-facebook-account/1/?lo=,facebook101,locked-out-of-your-facebook-account,2021-12-31T07:55:36.255527Z
52209151.1636926096,1636926096,/en/word2016/line-and-paragraph-spacing/1/?lo=,word2016,line-and-paragraph-spacing,2021-11-14T21:41:36.250658Z
52209261.1641591694,1641591694,/en/photoshopbasics/photoshop-alternatives/1/?lo=,photoshopbasics,photoshop-alternatives,2022-01-07T22:28:08.780179Z
52209261.1641591694,1641591694,/en/imageediting101/getting-started-with-image-editing/1/?lo=,imageediting101,getting-started-with-image-editing,2022-01-07T22:27:26.739228Z
52209261.1641591694,1641591694,/en/info/terms-of-use/1/?lo=,info,terms-of-use,2022-01-07T22:23:30.674364Z
52209284.1627985866,1627985866,/en/excel2016/functions/1/?lo=,excel2016,functions,2021-08-03T10:17:46.384931Z
52209495.1637360085,1637360085,/en/googledocuments/working-with-tables/1/?lo=,googledocuments,working-with-tables,2021-11-19T22:14:45.294208Z
5220978.1631776860,1631776859,/en/word2016/checking-spelling-and-grammar/1/?lo=,word2016,checking-spelling-and-grammar,2021-09-16T07:20:59.676162Z
52209878.1635430044,1635430043,/en/word2016/page-layout/1/?lo=,word2016,page-layout,2021-10-28T14:07:23.610514Z
52209908.1638980309,1638980271,/en/windowsbasics/opening-files-with-different-applications/1/?lo=,windowsbasics,opening-files-with-different-applications,2021-12-08T16:17:51.996189Z
52210056.1635406483,1635406484,/en/windowsbasics/troubleshooting-basic-problems/1/?lo=,windowsbasics,troubleshooting-basic-problems,2021-10-28T07:34:44.007865Z
52210069.1625588828,1625588828,/en/tr_id-word-2016/kolom/1/?lo=,tr_id-word-2016,kolom,2021-07-06T16:27:08.342518Z
52210098.1639526752,1639526753,/en/powerpoint2016/getting-started-with-powerpoint/1/?lo=,powerpoint2016,getting-started-with-powerpoint,2021-12-15T00:05:53.552768Z
52210641.1636694423,1636694421,/en/internetsafety/understanding-browser-tracking/1/?lo=,internetsafety,understanding-browser-tracking,2021-11-12T05:20:21.881756Z
52211095.1643327638,1643327637,/en/powerpoint-tips/recover-unsaved-presentations/1/?lo=,powerpoint-tips,recover-unsaved-presentations,2022-01-27T23:54:37.625822Z
52211095.1643327638,1643327637,/en/powerpoint-tips/compress-media-files/1/?lo=,powerpoint-tips,compress-media-files,2022-01-27T23:54:37.623583Z
52211095.1643327638,1643327637,/en/powerpoint-tips/compress-media-files/1/?lo=,powerpoint-tips,compress-media-files,2022-01-27T23:54:36.931304Z
52211095.1643327638,1643327637,/en/powerpoint-tips/recover-unsaved-presentations/1/?lo=,powerpoint-tips,recover-unsaved-presentations,2022-01-27T23:53:57.250398Z
52211193.1637259897,1637259895,/en/googleslides/editing-master-slides-and-layouts/1/?lo=,googleslides,editing-master-slides-and-layouts,2021-11-18T18:24:55.180012Z
52211630.1635942823,1635942636,/en/basic-computer-skills/getting-started-with-your-first-computer/1/?lo=,basic-computer-skills,getting-started-with-your-first-computer,2021-11-03T12:33:29.037504Z
52211904.1630595432,1630595432,/en/computerbasics/buttons-and-ports-on-a-computer/1/?lo=,computerbasics,buttons-and-ports-on-a-computer,2021-09-02T15:10:32.184861Z
5221192.1633694901,1633694836,/en/googledocuments/voice-typing/1/?lo=,googledocuments,voice-typing,2021-10-08T12:07:16.707374Z
52211960.1639052226,1639052226,/en/word2016/applying-and-modifying-styles/1/?lo=,word2016,applying-and-modifying-styles,2021-12-09T12:17:30.481650Z
52211960.1639052226,1639052226,/en/word2016/applying-and-modifying-styles/1/?lo=,word2016,applying-and-modifying-styles,2021-12-09T12:17:06.398280Z
52212080.1635758787,1635758782,/en/excel/creating-more-complex-formulas/1/?lo=,excel,creating-more-complex-formulas,2021-11-01T09:50:47.608174Z
52212080.1635758787,1635758782,/en/excel/intro-to-formulas/1/?lo=,excel,intro-to-formulas,2021-11-01T09:44:06.391069Z
52212125.1639509014,1639509014,/en/googleslides/editing-master-slides-and-layouts/1/?lo=,googleslides,editing-master-slides-and-layouts,2021-12-14T19:25:42.650088Z
52212125.1639509014,1639509014,/en/googleslides/getting-started-with-your-presentation/1/?lo=,googleslides,getting-started-with-your-presentation,2021-12-14T19:25:17.658358Z
52212125.1639509014,1639509014,/en/googleslides/google-slides-quiz/1/?lo=,googleslides,google-slides-quiz,2021-12-14T19:10:44.130861Z
52212125.1639509014,1639509014,/en/googleslides/google-slides-quiz/1/?lo=,googleslides,google-slides-quiz,2021-12-14T19:10:14.644078Z
52212208.1636748272,1636748272,/en/googleslides/editing-master-slides-and-layouts/1/?lo=,googleslides,editing-master-slides-and-layouts,2021-11-12T20:17:52.230801Z
52212502.1636038597,1636038596,/en/powerpoint-tips/simple-rules-for-better-powerpoint-presentations/1/?lo=,powerpoint-tips,simple-rules-for-better-powerpoint-presentations,2021-11-04T15:09:56.820319Z
52212608.1631641207,1631641206,/en/excel2013/groups-and-subtotals/1/?lo=,excel2013,groups-and-subtotals,2021-09-14T17:40:06.850566Z
52212922.1633964913,1633964914,/en/excelformulas/relative-and-absolute-cell-references/1/?lo=,excelformulas,relative-and-absolute-cell-references,2021-10-11T15:08:34.264185Z
52212981.1627648625,1627648626,/en/decimals/multiplying-and-dividing-decimals/1/?lo=,decimals,multiplying-and-dividing-decimals,2021-07-30T12:37:06.839524Z
5221340.1637739233,1637739231,/en/gmail/setting-up-a-gmail-account/1/?lo=,gmail,setting-up-a-gmail-account,2021-11-24T07:33:51.133329Z
52213567.1631528969,1631528969,/en/tr_id-word-2016/spasi-baris-dan-paragraf/1/?lo=,tr_id-word-2016,spasi-baris-dan-paragraf,2021-09-13T10:29:29.249612Z
52213745.1633803439,1633803439,/en/excel/getting-started-with-excel/1/?lo=,excel,getting-started-with-excel,2021-10-09T18:17:28.268808Z
52213799.1633450459,1633450460,/en/googledocuments/formatting-text-and-adding-hyperlinks/1/?lo=,googledocuments,formatting-text-and-adding-hyperlinks,2021-10-05T16:28:59.917442Z
52213799.1633450459,1633450460,/en/googledocuments/formatting-text-and-adding-hyperlinks/1/?lo=,googledocuments,formatting-text-and-adding-hyperlinks,2021-10-05T16:14:20.239445Z
52213833.1632331486,1632331487,/en/word2013/checking-spelling-and-grammar/1/?lo=,word2013,checking-spelling-and-grammar,2021-09-22T17:24:47.436127Z
52213883.1630086998,1630086998,/en/computerbasics/basic-parts-of-a-computer/1/?lo=,computerbasics,basic-parts-of-a-computer,2021-08-27T17:56:38.046483Z
52213981.1634745140,1634745140,/en/tr_id-word-2016/membuat-dan-membuka-dokumen/1/?lo=,tr_id-word-2016,membuat-dan-membuka-dokumen,2021-10-20T15:58:14.964659Z
52213981.1634745140,1634745140,/en/tr_id-word-2016/membuat-dan-membuka-dokumen/1/?lo=,tr_id-word-2016,membuat-dan-membuka-dokumen,2021-10-20T15:52:20.748384Z
5221423.1638617415,1638617406,/en/excel2016/charts/1/?lo=,excel2016,charts,2021-12-04T11:30:34.055965Z
5221454.1637485321,1637485320,/en/business-communication/how-to-write-a-clear-business-memo/1/?lo=,business-communication,how-to-write-a-clear-business-memo,2021-11-21T09:02:00.674060Z
52214545.1631553963,1631553963,/en/gmail/setting-up-a-gmail-account/1/?lo=,gmail,setting-up-a-gmail-account,2021-09-13T17:26:03.555899Z
52214669.1636391553,1636391554,/en/problem-solving-and-decision-making/using-brain-teasers-to-build-critical-thinking-skills/1/?lo=,problem-solving-and-decision-making,using-brain-teasers-to-build-critical-thinking-skills,2021-11-08T17:12:34.117263Z
52214893.1629822161,1629822163,/en/facebook101/locked-out-of-your-facebook-account/1/?lo=,facebook101,locked-out-of-your-facebook-account,2021-08-24T16:22:43.261569Z
52214940.1626272221,1626272221,/en/word2016/lists/1/?lo=,word2016,lists,2021-07-14T14:17:01.201013Z
52215045.1630460209,1630460211,/en/internet-tips/what-is-an-animated-gif/1/?lo=,internet-tips,what-is-an-animated-gif,2021-09-01T01:36:51.780904Z
52215316.1635662443,1635662443,/en/googlespreadsheets/creating-simple-formulas/1/?lo=,googlespreadsheets,creating-simple-formulas,2021-10-31T06:40:43.773869Z
52215817.1638182958,1638182941,/en/windows8/downloading-apps-from-the-windows-store/1/?lo=,windows8,downloading-apps-from-the-windows-store,2021-11-29T10:49:01.548951Z
5221598.1643119673,1643119673,/en/excelformulas/relative-and-absolute-cell-references/1/?lo=,excelformulas,relative-and-absolute-cell-references,2022-01-25T14:07:53.830146Z
52216006.1629537130,1629537129,/en/word2016/using-find-and-replace/1/?lo=,word2016,using-find-and-replace,2021-08-21T09:12:09.952380Z
5221608.1631290557,1631290557,/en/useinformationcorrectly/copyright-and-fair-use/1/?lo=,useinformationcorrectly,copyright-and-fair-use,2021-09-10T16:15:57.548786Z
52216156.1631618361,1631618360,/en/grammar/commas/1/?lo=,grammar,commas,2021-09-14T11:20:35.340253Z
52216156.1631618361,1631618360,/en/grammar/abbreviations-and-acronyms/1/?lo=,grammar,abbreviations-and-acronyms,2021-09-14T11:19:20.047489Z
52216292.1625799773,1625799773,/en/facebook101/locked-out-of-your-facebook-account/1/?lo=,facebook101,locked-out-of-your-facebook-account,2021-07-09T03:03:46.445001Z
52216292.1625799773,1625799773,/en/facebook101/facebook-news/1/?lo=,facebook101,facebook-news,2021-07-09T03:03:45.767678Z
52216292.1625799773,1625799773,/en/facebook101/locked-out-of-your-facebook-account/1/?lo=,facebook101,locked-out-of-your-facebook-account,2021-07-09T03:02:53.737973Z
52216417.1630591260,1630591282,/en/excel/page-layout-and-printing/1/?lo=,excel,page-layout-and-printing,2021-09-02T14:01:55.118033Z
52216564.1629709446,1629709446,/en/tr_id-computer-basics/memahami-macammacam-sistem-operasi/1/?lo=,tr_id-computer-basics,memahami-macammacam-sistem-operasi,2021-08-23T09:04:06.361704Z
52216702.1631680593,1631680593,/en/access2016/more-query-design-options/1/?lo=,access2016,more-query-design-options,2021-09-15T04:45:06.822807Z
52216702.1631680593,1631680593,/en/access2016/more-query-design-options/1/?lo=,access2016,more-query-design-options,2021-09-15T04:36:33.554100Z
52217019.1637929236,1637929300,/en/linkedin/what-is-linkedin/1/?lo=,linkedin,what-is-linkedin,2021-11-26T12:21:40.975850Z
52217274.1640098127,1640098127,/en/using-the-web-to-get-stuff-done/how-to-stream-internet-video-to-your-tv/1/?lo=,using-the-web-to-get-stuff-done,how-to-stream-internet-video-to-your-tv,2021-12-21T14:48:47.001900Z
52217555.1626946561,1626946561,/en/gmail/setting-up-a-gmail-account/1/?lo=,gmail,setting-up-a-gmail-account,2021-07-22T09:36:01.455303Z
52217622.1639256867,1639256866,/en/googledocuments/inserting-text-boxes-and-shapes/1/?lo=,googledocuments,inserting-text-boxes-and-shapes,2021-12-11T21:07:46.893075Z
52217802.1637080844,1637080844,/en/basic-html/interactive-elements-in-html/1/?lo=,basic-html,interactive-elements-in-html,2021-11-16T16:40:44.285463Z
52218007.1628609199,1628609199,/en/excel2010/using-conditional-formatting/1/?lo=,excel2010,using-conditional-formatting,2021-08-10T15:26:39.269543Z
52218084.1639058875,1639058874,/en/windows10/using-windows-10-on-a-tablet/1/?lo=,windows10,using-windows-10-on-a-tablet,2021-12-09T14:07:54.629833Z
52218094.1633964233,1633964234,/en/internetbasics/what-is-the-internet/1/?lo=,internetbasics,what-is-the-internet,2021-10-11T14:57:14.697530Z
5221810.1636637578,1636637578,/en/word2010/inserting-clip-art-and-pictures/1/?lo=,word2010,inserting-clip-art-and-pictures,2021-11-11T13:32:58.950291Z
5221832.1638313557,1638313556,/en/googlespreadsheets/modifying-columns-rows-and-cells/1/?lo=,googlespreadsheets,modifying-columns-rows-and-cells,2021-11-30T23:05:56.937419Z
52218680.1628585728,1628585728,/en/word-tips/how-to-create-a-table-of-contents-in-word/1/?lo=,word-tips,how-to-create-a-table-of-contents-in-word,2021-08-10T08:55:28.500854Z
52218714.1642787368,1642787367,/en/computerbasics/how-to-use-your-computers-builtin-help/1/?lo=,computerbasics,how-to-use-your-computers-builtin-help,2022-01-21T17:50:20.769222Z
52218714.1642787368,1642787367,/en/computerbasics/basic-troubleshooting-techniques/1/?lo=,computerbasics,basic-troubleshooting-techniques,2022-01-21T17:49:27.779577Z
52218759.1634141603,1634141604,/en/access2016/creating-forms/1/?lo=,access2016,creating-forms,2021-10-13T16:13:24.332791Z
52218883.1631718935,1631718935,/en/googleslides/adding-transitions-and-animations/1/?lo=,googleslides,adding-transitions-and-animations,2021-09-15T15:15:35.275281Z
52218984.1630494267,1630494267,/en/excelxp/identifying-basic-parts-of-the-excel-window/1/?lo=,excelxp,identifying-basic-parts-of-the-excel-window,2021-09-01T11:04:27.639131Z
52219086.1631791877,1631791877,/en/googlespreadsheets/creating-simple-formulas/1/?lo=,googlespreadsheets,creating-simple-formulas,2021-09-16T11:31:17.910118Z
5221912.1637860224,1637860239,/en/googlespreadsheets/getting-started-with-google-sheets/1/?lo=,googlespreadsheets,getting-started-with-google-sheets,2021-11-25T17:10:50.751936Z
52219208.1639010144,1639010143,/en/googleslides/inserting-and-editing-videos/1/?lo=,googleslides,inserting-and-editing-videos,2021-12-09T00:35:43.840641Z
52219211.1639086709,1639086709,/en/computerbasics/bringing-your-files-with-you/1/?lo=,computerbasics,bringing-your-files-with-you,2021-12-09T21:51:49.281415Z
52219237.1643364643,1643364642,/en/iphonebasics/adding-and-managing-contacts/1/?lo=,iphonebasics,adding-and-managing-contacts,2022-01-28T10:12:09.382283Z
52219237.1643364643,1643364642,/en/iphonebasics/adding-and-managing-contacts/1/?lo=,iphonebasics,adding-and-managing-contacts,2022-01-28T10:10:42.988700Z
52219274.1630475313,1630475312,/en/word/getting-started-with-word/1/?lo=,word,getting-started-with-word,2021-09-01T05:48:32.606646Z
52219458.1633029284,1633029284,/en/business-communication/how-to-deescalate-an-argument-at-work/1/?lo=,business-communication,how-to-deescalate-an-argument-at-work,2021-09-30T19:14:44.164386Z
52219486.1627388140,1627388140,/en/computerbasics/setting-up-a-computer/1/?lo=,computerbasics,setting-up-a-computer,2021-07-27T12:15:40.194426Z
5221968.1632926513,1632926513,/en/jobapplications/gathering-your-personal-information/1/?lo=,jobapplications,gathering-your-personal-information,2021-09-29T14:42:18.928900Z
52220208.1625267935,1625267934,/en/gmail/setting-up-a-gmail-account/1/?lo=,gmail,setting-up-a-gmail-account,2021-07-02T23:18:54.930571Z
52220291.1629467846,1629467846,/en/gmail/setting-up-a-gmail-account/1/?lo=,gmail,setting-up-a-gmail-account,2021-08-20T13:57:26.459022Z
52220730.1634516245,1634516244,/en/word-tips/how-to-create-a-bibliography-or-works-cited-page-in-word/1/?lo=,word-tips,how-to-create-a-bibliography-or-works-cited-page-in-word,2021-10-18T00:17:24.692538Z
52220782.1628956591,1628956593,/en/googledocuments/using-indents-and-tabs/1/?lo=,googledocuments,using-indents-and-tabs,2021-08-14T15:56:33.755265Z
52220896.1642046706,1642046705,/en/googledocuments/voice-typing/1/?lo=,googledocuments,voice-typing,2022-01-13T04:05:05.358473Z
52220919.1635820975,1635821001,/en/email101/common-email-features/1/?lo=,email101,common-email-features,2021-11-02T02:43:41.318028Z
52220919.1635820975,1635821001,/en/email101/introduction-to-email/1/?lo=,email101,introduction-to-email,2021-11-02T02:43:21.258474Z
52220981.1635744815,1635744814,/en/excel2016/freezing-panes-and-view-options/1/?lo=,excel2016,freezing-panes-and-view-options,2021-11-01T05:33:34.813016Z
52221116.1637793891,1637793895,/en/google-tips/use-google-forms-to-create-quizzes-surveys-and-more/1/?lo=,google-tips,use-google-forms-to-create-quizzes-surveys-and-more,2021-11-24T22:44:55.649751Z
52221194.1631850717,1631850716,/en/youtube/settings-and-privacy/1/?lo=,youtube,settings-and-privacy,2021-09-17T03:51:56.673703Z
5222135.1629193816,1629193812,/en/word2007/working-with-shapes/1/?lo=,word2007,working-with-shapes,2021-08-17T09:50:12.702074Z
52221358.1631333548,1631333549,/en/careerplanningandsalary/discover-your-career-needs/1/?lo=,careerplanningandsalary,discover-your-career-needs,2021-09-11T04:12:29.407879Z
52221905.1638429511,1638429511,/en/facebook101/creating-a-facebook-page/1/?lo=,facebook101,creating-a-facebook-page,2021-12-02T07:18:31.366103Z
52221937.1636611859,1636611859,/en/googledocuments/inserting-text-boxes-and-shapes/1/?lo=,googledocuments,inserting-text-boxes-and-shapes,2021-11-11T06:24:19.593227Z
52222012.1627061728,1627061728,/en/excel2013/complex-formulas/1/?lo=,excel2013,complex-formulas,2021-07-23T17:35:28.195333Z
52222457.1631304947,1631304947,/en/linkedin/adding-connections-on-linkedin/1/?lo=,linkedin,adding-connections-on-linkedin,2021-09-10T20:15:47.496510Z
52222503.1635318212,1635318212,/en/windowsxp/the-windows-xp-desktop/1/?lo=,windowsxp,the-windows-xp-desktop,2021-10-27T07:03:32.355663Z
5222278.1629001387,1629001386,/en/computerbasics/connecting-to-the-internet/1/?lo=,computerbasics,connecting-to-the-internet,2021-08-15T04:23:06.720482Z
52222977.1639064621,1639064621,/en/excel2010/creating-simple-formulas/1/?lo=,excel2010,creating-simple-formulas,2021-12-09T15:43:41.521486Z
52223096.1633726121,1633726121,/en/excel-tips/how-to-use-excels-vlookup-function/1/?lo=,excel-tips,how-to-use-excels-vlookup-function,2021-10-08T20:48:41.179701Z
52223172.1643384161,1643384160,/en/computer-science/should-i-learn-to-code/1/?lo=,computer-science,should-i-learn-to-code,2022-01-28T16:05:14.919164Z
52223172.1643384161,1643384160,/en/computer-science/sequences-selections-and-loops/1/?lo=,computer-science,sequences-selections-and-loops,2022-01-28T16:05:14.065805Z
52223172.1643384161,1643384160,/en/computer-science/should-i-learn-to-code/1/?lo=,computer-science,should-i-learn-to-code,2022-01-28T16:05:13.555125Z
52223172.1643384161,1643384160,/en/computer-science/sequences-selections-and-loops/1/?lo=,computer-science,sequences-selections-and-loops,2022-01-28T15:36:00.818721Z
52223808.1634277377,1634277376,/en/gmail/sending-email/1/?lo=,gmail,sending-email,2021-10-15T05:57:17.660223Z
52223808.1634277377,1634277376,/en/gmail/setting-up-a-gmail-account/1/?lo=,gmail,setting-up-a-gmail-account,2021-10-15T05:56:16.762391Z
52223928.1641787129,1641787128,/en/gmail/setting-up-a-gmail-account/1/?lo=,gmail,setting-up-a-gmail-account,2022-01-10T03:58:48.600608Z
52224033.1625646831,1625646824,/en/facebook101/chat-and-messages/1/?lo=,facebook101,chat-and-messages,2021-07-07T08:33:52.848862Z
52224033.1625646831,1625646824,/en/facebook101/chat-and-messages/1/?lo=,facebook101,chat-and-messages,2021-07-07T08:33:44.780879Z
52224045.1627386170,1627386170,/en/excelformulas/relative-and-absolute-cell-references/1/?lo=,excelformulas,relative-and-absolute-cell-references,2021-07-27T11:42:50.818100Z
52224150.1637434642,1637434642,/en/mobile-device-tips/how-to-scan-documents-with-a-smartphone/1/?lo=,mobile-device-tips,how-to-scan-documents-with-a-smartphone,2021-11-20T18:57:22.226145Z
52224219.1631619864,1631619864,/en/google-meet/google-meet-mobile-app/1/?lo=,google-meet,google-meet-mobile-app,2021-09-14T11:44:24.905216Z
52224230.1634117355,1634117354,/en/wordxp/bulleted-and-numbered-lists/1/?lo=,wordxp,bulleted-and-numbered-lists,2021-10-13T09:29:14.734555Z
52224597.1634562571,1634562572,/en/google-forms/organizing-and-analyzing-responses/1/?lo=,google-forms,organizing-and-analyzing-responses,2021-10-18T13:09:32.283465Z
52224660.1637847506,1637847504,/en/internetbasics/connecting-to-the-internet/1/?lo=,internetbasics,connecting-to-the-internet,2021-11-25T13:38:24.067291Z
52224765.1636377806,1636377805,/en/word2016/hyperlinks/1/?lo=,word2016,hyperlinks,2021-11-08T13:23:25.802863Z
52224927.1631628814,1631628815,/en/windowsbasics/finding-files-on-your-computer/1/?lo=,windowsbasics,finding-files-on-your-computer,2021-09-14T14:13:35.063713Z
52225002.1642900450,1642900505,/en/tr_id-basic-computer-skills/mengunduh-download-dan-mengunggah-upload/1/?lo=,tr_id-basic-computer-skills,mengunduh-download-dan-mengunggah-upload,2022-01-23T01:15:05.255684Z
52225094.1630303521,1630303521,/en/googledocuments/linking-within-a-document/1/?lo=,googledocuments,linking-within-a-document,2021-08-30T06:05:21.838095Z
52225099.1636640337,1636640337,/en/tr_id-computer-basics/memulai-komputer-anda-pertama-kali/1/?lo=,tr_id-computer-basics,memulai-komputer-anda-pertama-kali,2021-11-11T14:18:57.919971Z
52225328.1629762003,1629762004,/en/excel/formatting-cells/1/?lo=,excel,formatting-cells,2021-08-23T23:40:14.395729Z
52225361.1630216782,1630216782,/en/powerpointxp/creating-a-blank-presentation/1/?lo=,powerpointxp,creating-a-blank-presentation,2021-08-29T05:59:42.815046Z
52225376.1633834306,1633834306,/en/tr_id-word-2016/nomor-halaman/1/?lo=,tr_id-word-2016,nomor-halaman,2021-10-10T02:51:46.705935Z
52225422.1642430163,1642430163,/en/word2010/working-with-headers-and-footers/1/?lo=,word2010,working-with-headers-and-footers,2022-01-17T14:36:03.731213Z
52225644.1642599037,1642599040,/en/youtube/what-is-youtube/1/?lo=,youtube,what-is-youtube,2022-01-19T13:30:40.654704Z
52225765.1635146887,1635146886,/en/microsoftaccount/privacy-and-security-settings/1/?lo=,microsoftaccount,privacy-and-security-settings,2021-10-25T07:28:06.166511Z
52226234.1627605586,1627605585,/en/powerpoint2013/slide-basics/1/?lo=,powerpoint2013,slide-basics,2021-07-30T00:39:45.017191Z
5222631.1634137695,1634137694,/en/gmail/setting-up-a-gmail-account/1/?lo=,gmail,setting-up-a-gmail-account,2021-10-13T15:08:14.904948Z
52226374.1633527509,1633527511,/en/search-better-2018/search-better-quiz/1/?lo=,search-better-2018,search-better-quiz,2021-10-06T13:38:31.530109Z
52226748.1630004684,1630004684,/en/googledriveanddocs/getting-started-with-google-drive/1/?lo=,googledriveanddocs,getting-started-with-google-drive,2021-08-26T19:04:44.124544Z
52227030.1632258442,1632258442,/en/facebook101/what-is-facebook/1/?lo=,facebook101,what-is-facebook,2021-09-21T21:07:22.599374Z
52227315.1632396940,1632396939,/en/osxbasics/using-a-windows-keyboard-with-a-mac/1/?lo=,osxbasics,using-a-windows-keyboard-with-a-mac,2021-09-23T11:35:39.823677Z
52227366.1638547817,1638547818,/en/facebook101/deactivating-your-facebook-account/1/?lo=,facebook101,deactivating-your-facebook-account,2021-12-03T16:10:18.015938Z
52227405.1643034296,1643034296,/en/basic-computer-skills/how-to-defragment-your-hard-drive/1/?lo=,basic-computer-skills,how-to-defragment-your-hard-drive,2022-01-24T14:24:56.067419Z
52227465.1639467459,1639467461,/en/windowsbasics/all-about-windows/1/?lo=,windowsbasics,all-about-windows,2021-12-14T07:37:41.182371Z
52227546.1627442902,1627442901,/en/windowsbasics/finding-files-on-your-computer/1/?lo=,windowsbasics,finding-files-on-your-computer,2021-07-28T03:28:21.781854Z
52227850.1635457190,1635457190,/en/googledocuments/adjusting-margins/1/?lo=,googledocuments,adjusting-margins,2021-10-28T21:39:50.614782Z
52227985.1623739008,1629350933,/en/word2010/working-with-tables/1/?lo=,word2010,working-with-tables,2021-08-19T05:28:53.552213Z
52227985.1623739008,1623739008,/en/excel2010/working-with-charts/1/?lo=,excel2010,working-with-charts,2021-06-15T06:47:42.559695Z
52227985.1623739008,1623739008,/en/excel2010/working-with-charts/1/?lo=,excel2010,working-with-charts,2021-06-15T06:39:13.299344Z
52227985.1623739008,1623739008,/en/excel2010/working-with-charts/1/?lo=,excel2010,working-with-charts,2021-06-15T06:37:59.570728Z
52227985.1623739008,1623739008,/en/excel2010/working-with-charts/1/?lo=,excel2010,working-with-charts,2021-06-15T06:36:48.746412Z
52227989.1627139241,1627139244,/en/gmail/setting-up-a-gmail-account/1/?lo=,gmail,setting-up-a-gmail-account,2021-07-24T15:07:24.889827Z
52228085.1636634857,1636634856,/en/useinformationcorrectly/avoiding-plagiarism/1/?lo=,useinformationcorrectly,avoiding-plagiarism,2021-11-11T12:47:36.730722Z
52228198.1634954033,1634954033,/en/facebook101/facebook-news/1/?lo=,facebook101,facebook-news,2021-10-23T01:54:35.201291Z
52228198.1634954033,1634954033,/en/facebook101/locked-out-of-your-facebook-account/1/?lo=,facebook101,locked-out-of-your-facebook-account,2021-10-23T01:53:53.225834Z
52228247.1630916342,1630916212,/en/excel2013/freezing-panes-and-view-options/1/?lo=,excel2013,freezing-panes-and-view-options,2021-09-06T08:16:52.791078Z
52228793.1632053825,1632053822,/en/computerbasics/getting-started-with-your-first-computer/1/?lo=,computerbasics,getting-started-with-your-first-computer,2021-09-19T12:46:03.478380Z
52228793.1632053825,1632053822,/en/computerbasics/getting-started-with-your-first-computer/1/?lo=,computerbasics,getting-started-with-your-first-computer,2021-09-19T12:45:58.236042Z
52228793.1632053825,1632053822,/en/computerbasics/getting-started-with-your-first-computer/1/?lo=,computerbasics,getting-started-with-your-first-computer,2021-09-19T12:43:32.576625Z
52228793.1632053825,1632053822,/en/computerbasics/getting-started-with-your-first-computer/1/?lo=,computerbasics,getting-started-with-your-first-computer,2021-09-19T12:33:54.820065Z
52228793.1632053825,1632053822,/en/windowsbasics/working-with-files/1/?lo=,windowsbasics,working-with-files,2021-09-19T12:32:19.259743Z
52228793.1632053825,1632053822,/en/computerbasics/getting-to-know-the-os/1/?lo=,computerbasics,getting-to-know-the-os,2021-09-19T12:30:39.688699Z
52228793.1632053825,1632053822,/en/windowsbasics/working-with-files/1/?lo=,windowsbasics,working-with-files,2021-09-19T12:27:10.346928Z
52228793.1632053825,1632053822,/en/computerbasics/getting-to-know-the-os/1/?lo=,computerbasics,getting-to-know-the-os,2021-09-19T12:23:21.921455Z
52228793.1632053825,1632053822,/en/computerbasics/getting-started-with-your-first-computer/1/?lo=,computerbasics,getting-started-with-your-first-computer,2021-09-19T12:17:02.729213Z
52228809.1632876736,1632876736,/en/thenow/what-is-labgrown-meat/1/?lo=,thenow,what-is-labgrown-meat,2021-09-29T00:52:16.523581Z
52229115.1636612452,1636612452,/en/googlespreadsheets/sorting-and-filtering-data/1/?lo=,googlespreadsheets,sorting-and-filtering-data,2021-11-11T06:34:12.369399Z
5222915.1639989050,1639989014,/en/tr_id-word-2016/header-dan-footer/1/?lo=,tr_id-word-2016,header-dan-footer,2021-12-20T08:30:14.950804Z
52229193.1639156931,1639156931,/en/googledocuments/using-indents-and-tabs/1/?lo=,googledocuments,using-indents-and-tabs,2021-12-10T17:22:11.053468Z
52229350.1630540129,1630540129,/en/internetexplorer/adding-and-managing-favorites/1/?lo=,internetexplorer,adding-and-managing-favorites,2021-09-01T23:58:34.648343Z
52229350.1630540129,1630540129,/en/internetexplorer/adding-and-managing-favorites/1/?lo=,internetexplorer,adding-and-managing-favorites,2021-09-01T23:48:49.251627Z
52229722.1634634504,1634634504,/en/word/indents-and-tabs/1/?lo=,word,indents-and-tabs,2021-10-19T09:08:24.318061Z
5222990.1638806736,1638806735,/en/internetbasics/using-a-web-browser/1/?lo=,internetbasics,using-a-web-browser,2021-12-06T16:06:43.279501Z
5222990.1638806736,1638806735,/en/internetbasics/understanding-the-cloud/1/?lo=,internetbasics,understanding-the-cloud,2021-12-06T16:06:32.033257Z
5222990.1638806736,1638806735,/en/internetbasics/using-search-engines/1/?lo=,internetbasics,using-search-engines,2021-12-06T16:05:59.996777Z
52229958.1637561192,1637561192,/en/computerbasics/understanding-operating-systems/1/?lo=,computerbasics,understanding-operating-systems,2021-11-22T06:06:32.636192Z
52230127.1633807370,1633807369,/en/basic-computer-skills/how-to-defragment-your-hard-drive/1/?lo=,basic-computer-skills,how-to-defragment-your-hard-drive,2021-10-09T19:27:16.376756Z
52230127.1633807370,1633807369,/en/basic-computer-skills/tips-for-speeding-up-your-computer/1/?lo=,basic-computer-skills,tips-for-speeding-up-your-computer,2021-10-09T19:22:49.755023Z
52230200.1635792640,1635792639,/en/grammar/abbreviations-and-acronyms/1/?lo=,grammar,abbreviations-and-acronyms,2021-11-01T18:50:39.437059Z
52230246.1631229275,1631229275,/en/excel2013/filtering-data/1/?lo=,excel2013,filtering-data,2021-09-09T23:14:35.307373Z
52230308.1628875051,1628875051,/en/computerbasics/understanding-operating-systems/1/?lo=,computerbasics,understanding-operating-systems,2021-08-13T17:35:29.735454Z
52230308.1628875051,1628875051,/en/computerbasics/mobile-devices/1/?lo=,computerbasics,mobile-devices,2021-08-13T17:35:16.577982Z
52230308.1628875051,1628875051,/en/computerbasics/laptop-computers/1/?lo=,computerbasics,laptop-computers,2021-08-13T17:32:48.924758Z
52230308.1628875051,1628875051,/en/computerbasics/inside-a-computer/1/?lo=,computerbasics,inside-a-computer,2021-08-13T17:30:28.786648Z
52230308.1628875051,1628875051,/en/computerbasics/buttons-and-ports-on-a-computer/1/?lo=,computerbasics,buttons-and-ports-on-a-computer,2021-08-13T17:27:37.206664Z
52230308.1628875051,1628875051,/en/computerbasics/basic-parts-of-a-computer/1/?lo=,computerbasics,basic-parts-of-a-computer,2021-08-13T17:24:03.494995Z
52230570.1628588446,1628588446,/en/workplacebasics/organizing-your-desk/1/?lo=,workplacebasics,organizing-your-desk,2021-08-10T09:40:46.427762Z
52230593.1631287838,1631287838,/en/wordxp/identifying-parts-of-the-word-window/1/?lo=,wordxp,identifying-parts-of-the-word-window,2021-09-10T15:36:16.485078Z
52230593.1631287838,1631287838,/en/wordxp/identifying-parts-of-the-word-window/1/?lo=,wordxp,identifying-parts-of-the-word-window,2021-09-10T15:30:38.144930Z
52230600.1630643190,1630643190,/en/computerbasics/basic-parts-of-a-computer/1/?lo=,computerbasics,basic-parts-of-a-computer,2021-09-03T04:35:15.941400Z
52230789.1638800577,1638800576,/en/gmail/setting-up-a-gmail-account/1/?lo=,gmail,setting-up-a-gmail-account,2021-12-06T14:22:56.955849Z
52231376.1624040838,1633396115,/en/excel2016/groups-and-subtotals/1/?lo=,excel2016,groups-and-subtotals,2021-10-05T01:08:35.137212Z
52231376.1624040838,1624040837,/en/excel2016/intro-to-formulas/1/?lo=,excel2016,intro-to-formulas,2021-06-18T18:27:17.844056Z
52231464.1630229780,1630229782,/en/google-classroom/grading-and-leaving-feedback/1/?lo=,google-classroom,grading-and-leaving-feedback,2021-08-29T09:36:22.153099Z
52231616.1631320710,1631320711,/en/googlehangouts/video-and-voice-calls/1/?lo=,googlehangouts,video-and-voice-calls,2021-09-11T00:38:31.208250Z
52231804.1625136069,1625136070,/en/facebook101/locked-out-of-your-facebook-account/1/?lo=,facebook101,locked-out-of-your-facebook-account,2021-07-01T10:42:43.572274Z
52231804.1625136069,1625136070,/en/facebook101/facebook-news/1/?lo=,facebook101,facebook-news,2021-07-01T10:42:43.090270Z
52231804.1625136069,1625136070,/en/facebook101/facebook-quiz/1/?lo=,facebook101,facebook-quiz,2021-07-01T10:42:42.042514Z
52231804.1625136069,1625136070,/en/facebook101/facebook-news/1/?lo=,facebook101,facebook-news,2021-07-01T10:42:40.903040Z
52231804.1625136069,1625136070,/en/facebook101/facebook-quiz/1/?lo=,facebook101,facebook-quiz,2021-07-01T10:42:36.349405Z
52231804.1625136069,1625136070,/en/facebook101/facebook-news/1/?lo=,facebook101,facebook-news,2021-07-01T10:42:22.178950Z
52231804.1625136069,1625136070,/en/facebook101/locked-out-of-your-facebook-account/1/?lo=,facebook101,locked-out-of-your-facebook-account,2021-07-01T10:41:10.309111Z
52231934.1631455000,1631455000,/en/facebook101/locked-out-of-your-facebook-account/1/?lo=,facebook101,locked-out-of-your-facebook-account,2021-09-12T13:56:40.512854Z
52232059.1637058032,1637058033,/en/excel2016/saving-and-sharing-workbooks/1/?lo=,excel2016,saving-and-sharing-workbooks,2021-11-16T10:20:33.801798Z
52232153.1626192506,1626192511,/en/tr_id-word-2016/breaks/1/?lo=,tr_id-word-2016,breaks,2021-07-13T16:08:31.341270Z
52232215.1636624833,1636624832,/en/photoshopbasics/saving-images/1/?lo=,photoshopbasics,saving-images,2021-11-11T10:00:32.439700Z
52232425.1630282622,1630282622,/en/powerpoint2016/aligning-ordering-and-grouping-objects/1/?lo=,powerpoint2016,aligning-ordering-and-grouping-objects,2021-08-30T00:17:02.001046Z
52232550.1632868725,1632868725,/en/grammar/commas/1/?lo=,grammar,commas,2021-09-28T22:38:45.133863Z
52232703.1641416281,1641416281,/en/excel2010/what-are-reference-styles/1/?lo=,excel2010,what-are-reference-styles,2022-01-05T20:58:11.714529Z
52232711.1636559082,1636559082,/en/powerpoint2010/text-basics/1/?lo=,powerpoint2010,text-basics,2021-11-10T16:11:06.971102Z
52232711.1636559082,1636559082,/en/powerpoint2010/text-basics/1/?lo=,powerpoint2010,text-basics,2021-11-10T15:44:42.041518Z
52232780.1625126060,1625126060,/en/tr_id-word-2016/spasi-baris-dan-paragraf/1/?lo=,tr_id-word-2016,spasi-baris-dan-paragraf,2021-07-01T07:54:20.752134Z
52232795.1633433893,1633433853,/en/internetbasics/what-is-the-internet/1/?lo=,internetbasics,what-is-the-internet,2021-10-05T11:39:47.873615Z
52232795.1633433893,1633433853,/en/internetbasics/what-is-the-internet/1/?lo=,internetbasics,what-is-the-internet,2021-10-05T11:37:33.272043Z
52232805.1634981517,1634981518,/en/tr_id-word-2016/tataletak-halaman/1/?lo=,tr_id-word-2016,tataletak-halaman,2021-10-23T09:41:25.222486Z
52232805.1634981517,1634981518,/en/tr_id-word-2016/tataletak-halaman/1/?lo=,tr_id-word-2016,tataletak-halaman,2021-10-23T09:31:58.079418Z
52233595.1628588327,1628588327,/en/excel2016/cell-basics/1/?lo=,excel2016,cell-basics,2021-08-10T09:38:47.772572Z
52233612.1630552895,1630552895,/en/word2013/mail-merge/1/?lo=,word2013,mail-merge,2021-09-02T03:21:35.994512Z
52233673.1637042628,1637042629,/en/tr_id-computer-basics/memulai-komputer-anda-pertama-kali/1/?lo=,tr_id-computer-basics,memulai-komputer-anda-pertama-kali,2021-11-16T06:03:49.586653Z
52233890.1638449457,1638449457,/en/word2013/pictures-and-text-wrapping/1/?lo=,word2013,pictures-and-text-wrapping,2021-12-02T12:50:57.260970Z
5223391.1627305013,1627305013,/en/youtube/the-creator-studio-and-video-manager/1/?lo=,youtube,the-creator-studio-and-video-manager,2021-07-26T13:10:13.600932Z
52233912.1631287980,1631287979,/en/googlespreadsheets/creating-simple-formulas/1/?lo=,googlespreadsheets,creating-simple-formulas,2021-09-10T15:32:59.972146Z
52233966.1632397115,1632397114,/en/chromebookbasics/migrating-to-a-chromebook/1/?lo=,chromebookbasics,migrating-to-a-chromebook,2021-09-23T11:38:34.946693Z
5223401.1639239901,1639239900,/en/internetsafety/your-browsers-security-features/1/?lo=,internetsafety,your-browsers-security-features,2021-12-11T16:25:00.820531Z
52234242.1633065764,1633065772,/en/basic-computer-skills/getting-started-with-your-first-computer/1/?lo=,basic-computer-skills,getting-started-with-your-first-computer,2021-10-01T05:23:13.813068Z
52234659.1629946631,1629946632,/en/basic-computer-skills/tips-for-speeding-up-your-computer/1/?lo=,basic-computer-skills,tips-for-speeding-up-your-computer,2021-08-26T02:57:51.092632Z
52234659.1629946631,1629946632,/en/basic-computer-skills/how-to-customize-your-desktop-background/1/?lo=,basic-computer-skills,how-to-customize-your-desktop-background,2021-08-26T02:57:31.744790Z
52234841.1643233107,1643233108,/en/algebra-topics/reciprocals-and-inverse-numbers/1/?lo=,algebra-topics,reciprocals-and-inverse-numbers,2022-01-26T21:38:28.846600Z
52235335.1630127110,1630127108,/en/googledocuments/inserting-text-boxes-and-shapes/1/?lo=,googledocuments,inserting-text-boxes-and-shapes,2021-08-28T05:05:08.801126Z
52235359.1632325152,1632325151,/en/windowsbasics/finding-files-on-your-computer/1/?lo=,windowsbasics,finding-files-on-your-computer,2021-09-22T15:39:11.613021Z
52235386.1631166867,1631166868,/en/computerbasics/what-is-a-computer/1/?lo=,computerbasics,what-is-a-computer,2021-09-09T05:54:28.046762Z
52235878.1635318071,1635318070,/en/powerpoint2013/checking-spelling-and-grammar/1/?lo=,powerpoint2013,checking-spelling-and-grammar,2021-10-27T07:01:10.947012Z
52235947.1633203255,1633203255,/en/basic-html/metadata-and-the-head-element/1/?lo=,basic-html,metadata-and-the-head-element,2021-10-02T19:34:15.096114Z
5223607.1625198834,1625198835,/en/microsoftaccount/creating-a-microsoft-account/1/?lo=,microsoftaccount,creating-a-microsoft-account,2021-07-02T04:07:15.404445Z
5223607.1636157293,1636157231,/en/edge/adding-and-managing-favorites/1/?lo=,edge,adding-and-managing-favorites,2021-11-06T00:07:11.265118Z
52236162.1628771263,1628771263,/en/facebook101/locked-out-of-your-facebook-account/1/?lo=,facebook101,locked-out-of-your-facebook-account,2021-08-12T12:27:43.609609Z
52236302.1626058107,1626058007,/en/facebook101/deactivating-your-facebook-account/1/?lo=,facebook101,deactivating-your-facebook-account,2021-07-12T02:46:50.341408Z
52236302.1626058107,1626058007,/en/facebook101/deactivating-your-facebook-account/1/?lo=,facebook101,deactivating-your-facebook-account,2021-07-12T02:46:47.667738Z
52236552.1635089071,1635089070,/en/powerpoint-tips/simple-rules-for-better-powerpoint-presentations/1/?lo=,powerpoint-tips,simple-rules-for-better-powerpoint-presentations,2021-10-24T15:24:30.614424Z
52236745.1625149932,1625149931,/en/word2013/charts/1/?lo=,word2013,charts,2021-07-01T14:34:49.478425Z
52236745.1625149932,1625149931,/en/word2013/tables/1/?lo=,word2013,tables,2021-07-01T14:32:11.216503Z
52236834.1632216654,1632216654,/en/word2016/applying-and-modifying-styles/1/?lo=,word2016,applying-and-modifying-styles,2021-09-21T09:30:54.918726Z
52236985.1626444458,1626444453,/en/business-communication/choosing-fonts-for-business-documents/1/?lo=,business-communication,choosing-fonts-for-business-documents,2021-07-16T14:07:33.007029Z
52237027.1630000442,1630000442,/en/googlespreadsheets/formatting-cells/1/?lo=,googlespreadsheets,formatting-cells,2021-08-26T17:54:02.477370Z
52237087.1641781561,1641781555,/en/googlespreadsheets/sorting-and-filtering-data/1/?lo=,googlespreadsheets,sorting-and-filtering-data,2022-01-10T02:25:55.801692Z
52237695.1641797748,1641797748,/en/grammar/i-me-and-other-pronouns/1/?lo=,grammar,i-me-and-other-pronouns,2022-01-10T06:55:48.515467Z
5223821.1636174614,1636174717,/en/grammar/adjectives-and-adverbs/1/?lo=,grammar,adjectives-and-adverbs,2021-11-06T04:58:37.557676Z
52238219.1637242625,1637242624,/en/word/page-layout/1/?lo=,word,page-layout,2021-11-18T13:37:04.539497Z
5223850.1628198469,1628198463,/en/excelformulas/complex-formulas/1/?lo=,excelformulas,complex-formulas,2021-08-05T21:41:33.198490Z
5223850.1628198469,1628198463,/en/excelformulas/simple-formulas/1/?lo=,excelformulas,simple-formulas,2021-08-05T21:28:06.763922Z
5223850.1628198469,1628198463,/en/excel2016/cell-basics/1/?lo=,excel2016,cell-basics,2021-08-05T21:24:16.251865Z
5223850.1628198469,1628198463,/en/excelformulas/about-this-tutorial/1/?lo=,excelformulas,about-this-tutorial,2021-08-05T21:23:45.925449Z
5223850.1628198469,1628198463,/en/excelformulas/excel-formulas-quiz/1/?lo=,excelformulas,excel-formulas-quiz,2021-08-05T21:23:21.783027Z
5223850.1628198469,1628198463,/en/excelformulas/about-this-tutorial/1/?lo=,excelformulas,about-this-tutorial,2021-08-05T21:22:13.739187Z
5223850.1628198469,1628198463,/en/excelformulas/about-this-tutorial/1/?lo=,excelformulas,about-this-tutorial,2021-08-05T21:21:56.416915Z
5223850.1628198469,1628198463,/en/excelformulas/about-this-tutorial/1/?lo=,excelformulas,about-this-tutorial,2021-08-05T21:21:31.259477Z
5223850.1628198469,1628198463,/en/excelformulas/about-this-tutorial/1/?lo=,excelformulas,about-this-tutorial,2021-08-05T21:21:10.078190Z
52239028.1630862029,1630862029,/en/beginning-graphic-design/typography/1/?lo=,beginning-graphic-design,typography,2021-09-05T17:13:49.289195Z
52239114.1641811003,1641811002,/en/tr_id-excel-2016/grafik/1/?lo=,tr_id-excel-2016,grafik,2022-01-10T10:36:42.919716Z
52239202.1641933807,1641933807,/en/googleslides/editing-master-slides-and-layouts/1/?lo=,googleslides,editing-master-slides-and-layouts,2022-01-11T20:43:27.011460Z
52239658.1635999858,1635999857,/en/word/line-and-paragraph-spacing/1/?lo=,word,line-and-paragraph-spacing,2021-11-04T04:24:17.834894Z
52239679.1629780027,1629827714,/en/grammar/sentences/1/?lo=,grammar,sentences,2021-08-24T17:55:40.175609Z
52239770.1635795505,1635795504,/en/word-tips/how-to-create-a-bibliography-or-works-cited-page-in-word/1/?lo=,word-tips,how-to-create-a-bibliography-or-works-cited-page-in-word,2021-11-01T19:38:36.655301Z
52239770.1635795505,1635795504,/en/word-tips/how-to-create-a-table-of-contents-in-word/1/?lo=,word-tips,how-to-create-a-table-of-contents-in-word,2021-11-01T19:38:24.954414Z
52239827.1634665713,1634665714,/en/internetsafety/creating-strong-passwords/1/?lo=,internetsafety,creating-strong-passwords,2021-10-19T17:48:34.291270Z
52239839.1633485219,1633485220,/en/word2010/modifying-page-layout/1/?lo=,word2010,modifying-page-layout,2021-10-06T01:56:18.855807Z
52239839.1633485219,1633485220,/en/excelxp/defining-page-setup-options/1/?lo=,excelxp,defining-page-setup-options,2021-10-06T01:53:40.678510Z
5223996.1641236824,1641236823,/en/computerbasics/what-is-a-computer/1/?lo=,computerbasics,what-is-a-computer,2022-01-03T19:07:03.620045Z
52239975.1641674608,1641674607,/en/facebook101/deactivating-your-facebook-account/1/?lo=,facebook101,deactivating-your-facebook-account,2022-01-08T20:43:27.935093Z
52240172.1635013392,1635013392,/en/jobapplications/completing-a-job-application/1/?lo=,jobapplications,completing-a-job-application,2021-10-23T18:23:12.637415Z
52240683.1635133266,1635133266,/en/word2013/headers-footers-and-page-numbers/1/?lo=,word2013,headers-footers-and-page-numbers,2021-10-25T03:41:13.586272Z
52240683.1635133266,1635133266,/en/word/page-numbers/1/?lo=,word,page-numbers,2021-10-25T03:41:06.616594Z
52240777.1635929209,1635929213,/en/tr_ar-misc/what-is-a-computer-/1/?lo=,tr_ar-misc,what-is-a-computer-,2021-11-03T08:46:53.257648Z
52240807.1629641558,1629641559,/en/powerpoint/what-is-office-365/1/?lo=,powerpoint,what-is-office-365,2021-08-22T14:12:39.136926Z
52240813.1635344153,1635344153,/en/basic-computer-skills/installing-software-on-your-windows-pc/1/?lo=,basic-computer-skills,installing-software-on-your-windows-pc,2021-10-27T14:15:53.782551Z
52241.1638134207,1638134206,/en/computerbasics/understanding-operating-systems/1/?lo=,computerbasics,understanding-operating-systems,2021-11-28T21:16:46.719780Z
5224104.1633528154,1633528154,/en/internetsafety/safe-online-shopping/1/?lo=,internetsafety,safe-online-shopping,2021-10-06T13:58:21.475816Z
5224104.1633528154,1633528154,/en/internetsafety/creating-strong-passwords/1/?lo=,internetsafety,creating-strong-passwords,2021-10-06T13:49:14.680640Z
52241414.1629214846,1629214845,/en/googledocuments/inserting-text-boxes-and-shapes/1/?lo=,googledocuments,inserting-text-boxes-and-shapes,2021-08-17T15:40:45.124169Z
52241480.1638127118,1638127119,/en/word-tips/how-to-create-a-bibliography-or-works-cited-page-in-word/1/?lo=,word-tips,how-to-create-a-bibliography-or-works-cited-page-in-word,2021-11-28T19:18:39.913628Z
52241939.1631703103,1631703102,/en/facebook101/locked-out-of-your-facebook-account/1/?lo=,facebook101,locked-out-of-your-facebook-account,2021-09-15T10:51:42.570619Z
52242042.1626871948,1626871947,/en/googlespreadsheets/getting-started-with-google-sheets/1/?lo=,googlespreadsheets,getting-started-with-google-sheets,2021-07-21T12:52:27.544025Z
52242306.1634110725,1634110819,/en/google-forms/adjusting-your-settings/1/?lo=,google-forms,adjusting-your-settings,2021-10-13T07:40:19.179645Z
52242725.1639485664,1639485663,/en/googlespreadsheets/sorting-and-filtering-data/1/?lo=,googlespreadsheets,sorting-and-filtering-data,2021-12-14T12:41:03.675755Z
52242780.1633528070,1633528070,/en/tr_id-word-2016/kolom/1/?lo=,tr_id-word-2016,kolom,2021-10-06T13:47:50.286406Z
52242854.1642105364,1642105364,/en/googledocuments/linking-within-a-document/1/?lo=,googledocuments,linking-within-a-document,2022-01-13T20:22:44.514478Z
52242907.1640585253,1640585252,/en/internetbasics/what-can-you-do-online/1/?lo=,internetbasics,what-can-you-do-online,2021-12-27T06:07:32.431415Z
52243008.1631438862,1631438863,/en/gmail/setting-up-a-gmail-account/1/?lo=,gmail,setting-up-a-gmail-account,2021-09-12T09:27:43.243290Z
52243060.1627033413,1627033412,/en/word-tips/modifying-page-numbers-in-word/1/?lo=,word-tips,modifying-page-numbers-in-word,2021-07-23T09:43:32.602675Z
52243072.1639573371,1639573372,/en/excel2016/inspecting-and-protecting-workbooks/1/?lo=,excel2016,inspecting-and-protecting-workbooks,2021-12-15T13:02:52.423395Z
52243144.1633934512,1633934512,/en/word2013/line-and-paragraph-spacing/1/?lo=,word2013,line-and-paragraph-spacing,2021-10-11T06:41:52.342309Z
52243330.1635587688,1635587691,/en/internetbasics/using-search-engines/1/?lo=,internetbasics,using-search-engines,2021-10-30T09:54:51.739364Z
52243433.1626710022,1626710022,/en/word-tips/how-to-create-a-table-of-contents-in-word/1/?lo=,word-tips,how-to-create-a-table-of-contents-in-word,2021-07-19T15:53:42.541918Z
52243564.1638207186,1638207185,/en/excel2013/formatting-cells/1/?lo=,excel2013,formatting-cells,2021-11-29T17:33:05.959588Z
522438.1637332793,1637332793,/en/googleslides/audience-qa/1/?lo=,googleslides,audience-qa,2021-11-19T14:40:30.933325Z
522438.1637332793,1637332793,/en/googleslides/inserting-and-editing-diagrams/1/?lo=,googleslides,inserting-and-editing-diagrams,2021-11-19T14:39:53.091696Z
52243952.1628780069,1628780069,/en/computerbasics/computer-basics-quiz/1/?lo=,computerbasics,computer-basics-quiz,2021-08-12T14:55:16.430780Z
5224397.1638987493,1638987492,/en/googledriveanddocs/locked-out-of-your-google-account/1/?lo=,googledriveanddocs,locked-out-of-your-google-account,2021-12-08T18:18:12.811981Z
